,ID,loglin,param,value
0,1,log,N0,-2.28254658996996
1,1,log,Nmax,-0.544925041738438
2,1,log,rmax,0.02364700621100626
3,1,log,tlag,0
4,1,lin,N0,0.00521739130434795
5,1,lin,Nmax,0.285151038938362
6,1,lin,rmax,0.031994532442820245
7,1,lin,tlag,0
8,2,log,N0,-1.52921892331135
9,2,log,Nmax,-0.235138780481189
10,2,log,rmax,0.028875114131204846
11,2,log,tlag,0
12,2,lin,N0,0.0295652173913047
13,2,lin,Nmax,0.5819172341540071
14,2,lin,rmax,0.048841660274263544
15,2,lin,tlag,0
16,3,log,N0,-2.28254658996997
17,3,log,Nmax,-0.284460650917039
18,3,log,rmax,0.043813824232088155
19,3,log,tlag,3.9498357643944173
20,3,lin,N0,0.0052173913043478395
21,3,lin,Nmax,0.5194447354635939
22,3,lin,rmax,0.05634315159221283
23,3,lin,tlag,15.375690490501553
24,4,log,N0,-2.28254658996996
25,4,log,Nmax,-0.248372527559192
26,4,log,rmax,0.03396790367892786
27,4,log,tlag,5.302956380622359
28,4,lin,N0,0.00521739130434795
29,4,lin,Nmax,0.564452592980618
30,4,lin,rmax,0.04256377553447008
31,4,lin,tlag,9.917053036283288
32,5,log,N0,-2.95310650439224
33,5,log,Nmax,-2.10820299718381
34,5,log,rmax,0.009421488825218897
35,5,log,tlag,61.91718602005084
36,5,lin,N0,0.00111402130260152
37,5,lin,Nmax,0.00779465688842329
38,5,lin,rmax,0.015484889423316878
39,5,lin,tlag,0
40,6,log,N0,-1.8515131416169
41,6,log,Nmax,-0.39287529259126097
42,6,log,rmax,0.01771612659784349
43,6,log,tlag,0
44,6,lin,N0,0.0140762463343111
45,6,lin,Nmax,0.40469208211143703
46,6,lin,rmax,0.0268124188892764
47,6,lin,tlag,0
48,7,log,N0,-2.27748187388918
49,7,log,Nmax,-0.5477772525770039
50,7,log,rmax,0.028587218851177317
51,7,log,tlag,0
52,7,lin,N0,0.00527859237536665
53,7,lin,Nmax,0.283284457478006
54,7,lin,rmax,0.038966460501064545
55,7,lin,tlag,4.063679646228426
56,8,log,N0,-2.45357313294487
57,8,log,Nmax,-0.767831394342609
58,8,log,rmax,0.02316819482014143
59,8,log,tlag,15.49654464115438
60,8,lin,N0,0.0035190615835777295
61,8,lin,Nmax,0.17067448680351902
62,8,lin,rmax,0.03454905761798501
63,8,lin,tlag,1.60841136339054
64,9,log,N0,-1.7546031286088601
65,9,log,Nmax,-0.8853714088778791
66,9,log,rmax,0.010661732537987115
67,9,log,tlag,1.0344168916124714
68,9,lin,N0,0.0175953079178884
69,9,lin,Nmax,0.130205278592375
70,9,lin,rmax,0.019314680769089043
71,9,lin,tlag,0
72,10,log,N0,-2.05563312427283
73,10,log,Nmax,-0.9552625791552719
74,10,log,rmax,0.016794936799957843
75,10,log,tlag,0
76,10,lin,N0,0.00879765395894438
77,10,lin,Nmax,0.11085043988269802
78,10,lin,rmax,0.0287722469191504
79,10,lin,tlag,0
80,11,log,N0,-2.28254658996999
81,11,log,Nmax,-0.6524578750417621
82,11,log,rmax,0.02581619987229694
83,11,log,tlag,0
84,11,lin,N0,0.00521739130434762
85,11,lin,Nmax,0.22260869565217398
86,11,lin,rmax,0.03672795880177153
87,11,lin,tlag,0.4149741617613259
88,12,log,N0,-2.15760785336168
89,12,log,Nmax,-0.577824256744857
90,12,log,rmax,0.022617939740225593
91,12,log,tlag,0
92,12,lin,N0,0.00695652173913031
93,12,lin,Nmax,0.264347826086957
94,12,lin,rmax,0.03264671092041993
95,12,lin,tlag,0
96,13,log,N0,-1.43744854995571
97,13,log,Nmax,-0.39983236234974195
98,13,log,rmax,0.015668951365191343
99,13,log,tlag,0
100,13,lin,N0,0.0365217391304349
101,13,lin,Nmax,0.39826086956521795
102,13,lin,rmax,0.028579822247768644
103,13,lin,tlag,0
104,14,log,N0,-2.4586378490256298
105,14,log,Nmax,-1.85657785769767
106,14,log,rmax,0.009293117940708407
107,14,log,tlag,352.72383742862854
108,14,lin,N0,0.0034782608695653697
109,14,lin,Nmax,0.0139130434782615
110,14,lin,rmax,0.02646284086951199
111,14,lin,tlag,0
112,15,log,N0,-2.45863784902566
113,15,log,Nmax,-1.43744854995571
114,15,log,rmax,0.014304611244719942
115,15,log,tlag,406.2490272140813
116,15,lin,N0,0.00347826086956515
117,15,lin,Nmax,0.0365217391304353
118,15,lin,rmax,0.012176469073638839
119,15,lin,tlag,52.45672129510968
120,16,log,N0,-2.28254658996999
121,16,log,Nmax,-0.35312766425567604
122,16,log,rmax,0.032587558869311556
123,16,log,tlag,24.124176322591044
124,16,lin,N0,0.00521739130434762
125,16,lin,Nmax,0.443478260869565
126,16,lin,rmax,0.03550305333358546
127,16,lin,tlag,3.593297118553312
128,17,log,N0,-2.7656145011219
129,17,log,Nmax,-1.97850840808534
130,17,log,rmax,0.01176890362601377
131,17,log,tlag,0
132,17,lin,N0,0.0017154793668008401
133,17,lin,Nmax,0.0105073111216549
134,17,lin,rmax,0.028574384990441685
135,17,lin,tlag,0
136,18,log,N0,-1.9032157813991397
137,18,log,Nmax,-1.26766065739911
138,18,log,rmax,0.007337889843692109
139,18,log,tlag,0
140,18,lin,N0,0.01249637987023
141,18,lin,Nmax,0.0539932342085316
142,18,lin,rmax,0.016293355736755492
143,18,lin,tlag,0
144,19,log,N0,-2.7490854434378997
145,19,log,Nmax,-0.807891650935169
146,19,log,rmax,0.021465314658107856
147,19,log,tlag,0
148,19,lin,N0,0.0017820281353406698
149,19,lin,Nmax,0.155635386691478
150,19,lin,rmax,0.029255273471163402
151,19,lin,tlag,0
152,20,log,N0,-2.4586378490256298
153,20,log,Nmax,-1.91456980467535
154,20,log,rmax,0.012634595199609175
155,20,log,tlag,379.80844312406725
156,20,lin,N0,0.0034782608695653697
157,20,lin,Nmax,0.0121739130434788
158,20,lin,rmax,0.05754017304137396
159,20,lin,tlag,0
160,21,log,N0,-3.84106787465061
161,21,log,Nmax,-2.10477354729046
162,21,log,rmax,0.029700230482848203
163,21,log,tlag,467.7092402265372
164,21,lin,N0,0.00014418899850255
165,21,lin,Nmax,0.00785645184149075
166,21,lin,rmax,0.02613755828905534
167,21,lin,tlag,40.967763874505756
168,22,log,N0,-1.79404275969229
169,22,log,Nmax,-0.495442845344522
170,22,log,rmax,0.013597285524309784
171,22,log,tlag,0
172,22,lin,N0,0.0160678304485264
173,22,lin,Nmax,0.319563489373764
174,22,lin,rmax,0.021901636885279126
175,22,lin,tlag,0
176,23,log,N0,-2.09691001300804
177,23,log,Nmax,-0.473660722610156
178,23,log,rmax,0.0373982210279711
179,23,log,tlag,0
180,23,lin,N0,0.00800000000000023
181,23,lin,Nmax,0.336
182,23,lin,rmax,0.05666800701624994
183,23,lin,tlag,0
184,24,log,N0,-1.57403126772772
185,24,log,Nmax,-0.0661753960318878
186,24,log,rmax,0.3286751370784908
187,24,log,tlag,0.31430599675162113
188,24,lin,N0,0.0266666666666668
189,24,lin,Nmax,0.858666666666667
190,24,lin,rmax,0.4024494489203024
191,24,lin,tlag,0
192,25,log,N0,-1.7958800173440803
193,25,log,Nmax,-0.154075519237961
194,25,log,rmax,0.07900339032749855
195,25,log,tlag,0
196,25,lin,N0,0.016
197,25,lin,Nmax,0.701333333333334
198,25,lin,rmax,0.14597239282017102
199,25,lin,tlag,3.5550834563843408
200,26,log,N0,-1.9719712763997501
201,26,log,Nmax,-0.0998150036514635
202,26,log,rmax,0.08365751792811098
203,26,log,tlag,0
204,26,lin,N0,0.0106666666666668
205,26,lin,Nmax,0.794666666666667
206,26,lin,rmax,0.1342445367161547
207,26,lin,tlag,3.2514969469148154
208,27,log,N0,-2.27300127206373
209,27,log,Nmax,-0.761117911084862
210,27,log,rmax,0.03387269433891952
211,27,log,tlag,0
212,27,lin,N0,0.00533333333333341
213,27,lin,Nmax,0.17333333333333403
214,27,lin,rmax,0.053636185997144564
215,27,lin,tlag,0
216,28,log,N0,-2.09557474836851
217,28,log,Nmax,-0.162948376186391
218,28,log,rmax,0.09316788217534082
219,28,log,tlag,0
220,28,lin,N0,0.00802463433410305
221,28,lin,Nmax,0.6871501154734411
222,28,lin,rmax,0.12803104074408603
223,28,lin,tlag,0
224,29,log,N0,-2.267024648175
225,29,log,Nmax,-0.5231061491077
226,29,log,rmax,0.06540554823979203
227,29,log,tlag,0
228,29,lin,N0,0.00540723633564255
229,29,lin,Nmax,0.299842956120092
230,29,lin,rmax,0.12137860581023631
231,29,lin,tlag,3.2054575375921264
232,30,log,N0,-2.0942435765005403
233,30,log,Nmax,-0.542860787124135
234,30,log,rmax,0.057651068668853535
235,30,log,tlag,0
236,30,lin,N0,0.00804926866820632
237,30,lin,Nmax,0.286509622786759
238,30,lin,rmax,0.10758894942795481
239,30,lin,tlag,0
240,31,log,N0,-2.09557474836851
241,31,log,Nmax,-0.605731700063293
242,31,log,rmax,0.03723547401146371
243,31,log,tlag,0
244,31,lin,N0,0.00802463433410305
245,31,lin,Nmax,0.24789530408006102
246,31,lin,rmax,0.07423857498108005
247,31,lin,tlag,0
248,32,log,N0,-2.56215915310018
249,32,log,Nmax,-0.6447657675151041
250,32,log,rmax,0.36953014877386187
251,32,log,tlag,0
252,32,lin,N0,0.00274056966897596
253,32,lin,Nmax,0.226586605080831
254,32,lin,rmax,0.4748971468058902
255,32,lin,tlag,1.1821683776798337
256,33,log,N0,-2.27817778319948
257,33,log,Nmax,-0.586640873202232
258,33,log,rmax,0.05837338183711606
259,33,log,tlag,0
260,33,lin,N0,0.00527014078278176
261,33,lin,Nmax,0.259035404535515
262,33,lin,rmax,0.09534813867775548
263,33,lin,tlag,0
264,34,log,N0,-2.58123719602319
265,34,log,Nmax,-0.484302773706776
266,34,log,rmax,0.05147777506723676
267,34,log,tlag,0
268,34,lin,N0,0.00262278568094132
269,34,lin,Nmax,0.327866637183362
270,34,lin,rmax,0.07031184379730586
271,34,lin,tlag,0
272,35,log,N0,-2.27615780522344
273,35,log,Nmax,-0.0683067204327198
274,35,log,rmax,0.9763575455514473
275,35,log,tlag,0
276,35,lin,N0,0.00529471020368089
277,35,lin,Nmax,0.8544630353062579
278,35,lin,rmax,0.7321004329309669
279,35,lin,tlag,0
280,36,log,N0,-1.53524583932982
281,36,log,Nmax,-0.139786744219367
282,36,log,rmax,0.11177050023534296
283,36,log,tlag,4.372684238239802
284,36,lin,N0,0.0291577602515911
285,36,lin,Nmax,0.724791774157884
286,36,lin,rmax,0.24483080826768727
287,36,lin,tlag,4.344576976822327
288,37,log,N0,-2.5792077788634304
289,37,log,Nmax,-0.196062245836041
290,37,log,rmax,0.0833235370210237
291,37,log,tlag,0
292,37,lin,N0,0.0026350703913911
293,37,lin,Nmax,0.6367042578806421
294,37,lin,rmax,0.09137223780138311
295,37,lin,tlag,5.850400098538475
296,38,log,N0,-2.58123719602319
297,38,log,Nmax,-0.19404332743391298
298,38,log,rmax,0.11454754737995046
299,38,log,tlag,0
300,38,lin,N0,0.00262278568094132
301,38,lin,Nmax,0.6396710154541669
302,38,lin,rmax,0.14927345715785545
303,38,lin,tlag,4.796641109236925
304,39,log,N0,-2.57403126772784
305,39,log,Nmax,-0.123231220421322
306,39,log,rmax,0.10009853668102417
307,39,log,tlag,0
308,39,lin,N0,0.00266666666666593
309,39,lin,Nmax,0.752954580446496
310,39,lin,rmax,0.13199784891532956
311,39,lin,tlag,1.9289715715205407
312,40,log,N0,-2.27350305661632
313,40,log,Nmax,-0.7529248745849519
314,40,log,rmax,0.03744851462097402
315,40,log,tlag,0
316,40,lin,N0,0.00532717474980693
317,40,lin,Nmax,0.176634334103155
318,40,lin,rmax,0.06904943009713017
319,40,lin,tlag,0
320,41,log,N0,-2.27350305661632
321,41,log,Nmax,-0.642787201533015
322,41,log,rmax,0.053370631574455284
323,41,log,tlag,1.2772934301832026
324,41,lin,N0,0.00532717474980693
325,41,lin,Nmax,0.22762124711316395
326,41,lin,rmax,0.06881723472574618
327,41,lin,tlag,0.11205161355672294
328,42,log,N0,-1.79571288458011
329,42,log,Nmax,-0.11109751978811999
330,42,log,rmax,0.3877018979612823
331,42,log,tlag,0
332,42,lin,N0,0.0160061585835245
333,42,lin,Nmax,0.7742879137798299
334,42,lin,rmax,0.5645632568554354
335,42,lin,tlag,0
336,43,log,N0,-2.57403126772777
337,43,log,Nmax,-0.655170745650499
338,43,log,rmax,0.04677817307807653
339,43,log,tlag,0
340,43,lin,N0,0.00266666666666637
341,43,lin,Nmax,0.22122247882986804
342,43,lin,rmax,0.06427135122449786
343,43,lin,tlag,4.350116330002289
344,44,log,N0,-1.7958800173441
345,44,log,Nmax,-0.257179960825342
346,44,log,rmax,0.060662300677527876
347,44,log,tlag,0
348,44,lin,N0,0.0159999999999991
349,44,lin,Nmax,0.553120862201693
350,44,lin,rmax,0.1037026716479291
351,44,lin,tlag,0
352,45,log,N0,-2.098066590208
353,45,log,Nmax,-0.45461391372181104
354,45,log,rmax,0.22213269119628384
355,45,log,tlag,1.7949329360811561
356,45,lin,N0,0.00797872340425521
357,45,lin,Nmax,0.351063829787234
358,45,lin,rmax,0.16421626714532236
359,45,lin,tlag,0.36794983496604794
360,46,log,N0,-1.53379515976944
361,46,log,Nmax,-0.0213048182837867
362,46,log,rmax,0.0541069387256892
363,46,log,tlag,0
364,46,lin,N0,0.0292553191489362
365,46,lin,Nmax,0.952127659574468
366,46,lin,rmax,0.09326587214507531
367,46,lin,tlag,0.1313734943545258
368,47,log,N0,-1.9731278535997
369,47,log,Nmax,-0.1249387366083
370,47,log,rmax,0.16330221360955618
371,47,log,tlag,1.8992225744029907
372,47,lin,N0,0.0106382978723405
373,47,lin,Nmax,0.75
374,47,lin,rmax,0.17266166499892857
375,47,lin,tlag,1.3174661212203376
376,48,log,N0,-2.27415784926369
377,48,log,Nmax,-0.0673319732318303
378,48,log,rmax,0.19875373936882987
379,48,log,tlag,0.41016879754896435
380,48,lin,N0,0.00531914893617014
381,48,lin,Nmax,0.8563829787234041
382,48,lin,rmax,0.19480146781121035
383,48,lin,tlag,1.5065232671253752
384,49,log,N0,-2.27415784926369
385,49,log,Nmax,-0.541764089440711
386,49,log,rmax,0.22215982797260983
387,49,log,tlag,1.6494077581038353
388,49,lin,N0,0.00531914893617014
389,49,lin,Nmax,0.287234042553192
390,49,lin,rmax,0.2980007074816876
391,49,lin,tlag,1.044426665389403
392,50,log,N0,-1.79847572593037
393,50,log,Nmax,-0.0985154029743564
394,50,log,rmax,0.35973315821862967
395,50,log,tlag,0.4867415683338941
396,50,lin,N0,0.0159046557740703
397,50,lin,Nmax,0.797048221451405
398,50,lin,rmax,0.48727242320522013
399,50,lin,tlag,0.01602665002940498
400,51,log,N0,-1.97470986851487
401,51,log,Nmax,-0.5963962849229859
402,51,log,rmax,0.24896475373955337
403,51,log,tlag,0.5523777184961487
404,51,lin,N0,0.0105996159862718
405,51,lin,Nmax,0.253281643202068
406,51,lin,rmax,0.3494412533296404
407,51,lin,tlag,0
408,52,log,N0,-2.27488326728988
409,52,log,Nmax,-0.50762135933638
410,52,log,rmax,0.3851772074574783
411,52,log,tlag,0
412,52,lin,N0,0.00531027158246111
413,52,lin,Nmax,0.31072674859657107
414,52,lin,rmax,0.3974862080430606
415,52,lin,tlag,0
416,53,log,N0,-1.7980473571809599
417,53,log,Nmax,-0.70326047812004
418,53,log,rmax,0.2747178186384482
419,53,log,tlag,0
420,53,lin,N0,0.0159203511580579
421,53,lin,Nmax,0.19803389156582396
422,53,lin,rmax,0.43309921854707173
423,53,lin,tlag,0
424,54,log,N0,-2.27488326728988
425,54,log,Nmax,-0.387448905985386
426,54,log,rmax,0.5302018740607309
427,54,log,tlag,0
428,54,lin,N0,0.00531027158246111
429,54,lin,Nmax,0.409780316942121
430,54,lin,rmax,0.5823414460993859
431,54,lin,tlag,0
432,55,log,N0,-1.73008980491341
433,55,log,Nmax,-0.6020599913279621
434,55,log,rmax,0.26408191488428256
435,55,log,tlag,0.7869759840303074
436,55,lin,N0,0.0186170212765955
437,55,lin,Nmax,0.25
438,55,lin,rmax,0.37946318502847076
439,55,lin,tlag,0
440,56,log,N0,-1.73008980491341
441,56,log,Nmax,-0.246808241488924
442,56,log,rmax,0.2727551627131135
443,56,log,tlag,1.1010520522981502
444,56,lin,N0,0.0186170212765955
445,56,lin,Nmax,0.566489361702127
446,56,lin,rmax,0.3403727209953776
447,56,lin,tlag,0
448,57,log,N0,-1.39909658587198
449,57,log,Nmax,-0.0237378469547858
450,57,log,rmax,0.5611032636230487
451,57,log,tlag,0.5481629820728584
452,57,lin,N0,0.0398936170212769
453,57,lin,Nmax,0.946808510638298
454,57,lin,rmax,0.8095961466021849
455,57,lin,tlag,0
456,58,log,N0,-1.7300898049134
457,58,log,Nmax,-0.0980665902079986
458,58,log,rmax,0.5155438511667789
459,58,log,tlag,2.267440668593095
460,58,lin,N0,0.0186170212765959
461,58,lin,Nmax,0.797872340425532
462,58,lin,rmax,0.4635014883251721
463,58,lin,tlag,0
464,59,log,N0,-2.57518784492774
465,59,log,Nmax,-0.148676583563086
466,59,log,rmax,0.12823015361499618
467,59,log,tlag,10.697029041300778
468,59,lin,N0,0.0026595744680846197
469,59,lin,Nmax,0.7101063829787231
470,59,lin,rmax,0.08124619718187448
471,59,lin,tlag,0
472,60,log,N0,-1.9731278535997
473,60,log,Nmax,-0.163568138964431
474,60,log,rmax,0.45312509946152923
475,60,log,tlag,2.0705240889810006
476,60,lin,N0,0.0106382978723403
477,60,lin,Nmax,0.686170212765957
478,60,lin,rmax,0.2612093156316598
479,60,lin,tlag,0
480,61,log,N0,-1.67325136321385
481,61,log,Nmax,-0.0948987217034878
482,61,log,rmax,0.38887835318880976
483,61,log,tlag,1.3946702063853564
484,61,lin,N0,0.0212201591511936
485,61,lin,Nmax,0.8037135278514591
486,61,lin,rmax,0.41645306309110625
487,61,lin,tlag,0
488,62,log,N0,-1.9742813588778
489,62,log,Nmax,-0.843947590382821
490,62,log,rmax,0.3176021657260405
491,62,log,tlag,0
492,62,lin,N0,0.0106100795755975
493,62,lin,Nmax,0.143236074270558
494,62,lin,rmax,0.4660168607337469
495,62,lin,tlag,0
496,63,log,N0,-2.0992200954861002
497,63,log,Nmax,-0.636822097587172
498,63,log,rmax,0.2890851140078129
499,63,log,tlag,0.9416973045607394
500,63,lin,N0,0.00795755968169809
501,63,lin,Nmax,0.230769230769232
502,63,lin,rmax,0.35635729048818504
503,63,lin,tlag,0
504,64,log,N0,-1.4002500911501001
505,64,log,Nmax,-0.053897116699473
506,64,log,rmax,0.5445118131883397
507,64,log,tlag,0.608761617413334
508,64,lin,N0,0.0397877984084887
509,64,lin,Nmax,0.883289124668435
510,64,lin,rmax,0.778031682348259
511,64,lin,tlag,0
512,65,log,N0,-2.57634135020569
513,65,log,Nmax,-0.5232629067223721
514,65,log,rmax,0.5179272039011662
515,65,log,tlag,1.7477729356796439
516,65,lin,N0,0.00265251989389981
517,65,lin,Nmax,0.299734748010611
518,65,lin,rmax,0.5692644729883426
519,65,lin,tlag,0.4287174869794741
520,66,log,N0,-1.9742813588778
521,66,log,Nmax,-0.245927576856602
522,66,log,rmax,0.3885796729749103
523,66,log,tlag,0.530409108718117
524,66,lin,N0,0.0106100795755975
525,66,lin,Nmax,0.5676392572944301
526,66,lin,rmax,0.41057902445342137
527,66,lin,tlag,0
528,67,log,N0,-2.57634135020577
529,67,log,Nmax,-0.45352176769658403
530,67,log,rmax,0.7279543372400563
531,67,log,tlag,0
532,67,lin,N0,0.0026525198938993602
533,67,lin,Nmax,0.35194778176522595
534,67,lin,rmax,0.7578184506510808
535,67,lin,tlag,0.28510241351674415
536,68,log,N0,-1.5763413502057901
537,68,log,Nmax,-0.0194219084361218
538,68,log,rmax,0.6324622915276221
539,68,log,tlag,0.14279766671647987
540,68,lin,N0,0.0265251989389923
541,68,lin,Nmax,0.9562646278670619
542,68,lin,rmax,0.9292571673073065
543,68,lin,tlag,0.07940649318238517
544,69,log,N0,-2.27488578421683
545,69,log,Nmax,-0.12402865198042501
546,69,log,rmax,0.5166133042579987
547,69,log,tlag,0.09632139877375233
548,69,lin,N0,0.00531024080719811
549,69,lin,Nmax,0.7515733083684399
550,69,lin,rmax,0.5620175640210245
551,69,lin,tlag,0.13079557241713136
552,70,log,N0,-2.57634135020577
553,70,log,Nmax,-0.0682528169692622
554,70,log,rmax,0.5711369753706942
555,70,log,tlag,0
556,70,lin,N0,0.0026525198938993602
557,70,lin,Nmax,0.854569095542726
558,70,lin,rmax,0.56718397455673
559,70,lin,tlag,0.5677704181620057
560,71,log,N0,-4.98288153063783
561,71,log,Nmax,-0.544188905576518
562,71,log,rmax,1.6282730677636654
563,71,log,tlag,0.14576599585010325
564,71,lin,N0,1.04020387996506e-05
565,71,lin,Nmax,0.28563478441774603
566,71,lin,rmax,0.675371672743169
567,71,lin,tlag,1.5499627307405837
568,72,log,N0,-1.87390159786447
569,72,log,Nmax,-0.10897861321457303
570,72,log,rmax,0.47361498693054366
571,72,log,tlag,0
572,72,lin,N0,0.0133689839572189
573,72,lin,Nmax,0.77807486631016
574,72,lin,rmax,0.6256214591588712
575,72,lin,tlag,0
576,73,log,N0,-2.2718416065365
577,73,log,Nmax,-0.7155391057692121
578,73,log,rmax,0.4808734343242393
579,73,log,tlag,0
580,73,lin,N0,0.00534759358288772
581,73,lin,Nmax,0.192513368983957
582,73,lin,rmax,0.6920311902517754
583,73,lin,tlag,0
584,74,log,N0,-1.6186290927611597
585,74,log,Nmax,-0.564271430438564
586,74,log,rmax,0.2654784428023693
587,74,log,tlag,0.7213359679933949
588,74,lin,N0,0.0240641711229943
589,74,lin,Nmax,0.272727272727272
590,74,lin,rmax,0.4103762045186515
591,74,lin,tlag,0
592,75,log,N0,-1.79472035181685
593,75,log,Nmax,-0.35538765798657396
594,75,log,rmax,0.36004762715897476
595,75,log,tlag,0
596,75,lin,N0,0.0160427807486627
597,75,lin,Nmax,0.44117647058823495
598,75,lin,rmax,0.5106122721019652
599,75,lin,tlag,0
600,76,log,N0,-1.87390159786447
601,76,log,Nmax,-0.436151035044074
602,76,log,rmax,0.443944216995656
603,76,log,tlag,0.0051552753319698595
604,76,lin,N0,0.0133689839572189
605,76,lin,Nmax,0.36631016042780695
606,76,lin,rmax,0.502741636162508
607,76,lin,tlag,0
608,77,log,N0,-1.72661079179441
609,77,log,Nmax,-0.6223188251637739
610,77,log,rmax,0.2825062438581101
611,77,log,tlag,0
612,77,lin,N0,0.0187667560321723
613,77,lin,Nmax,0.238605898123325
614,77,lin,rmax,0.39938782237007553
615,77,lin,tlag,0
616,78,log,N0,-1.6686188448167398
617,78,log,Nmax,-0.642289906094395
618,78,log,rmax,0.23405298045985654
619,78,log,tlag,0.32797420303559904
620,78,lin,N0,0.0214477211796251
621,78,lin,Nmax,0.227882037533512
622,78,lin,rmax,0.37916472263551654
623,78,lin,tlag,0
624,79,log,N0,-1.57170883180868
625,79,log,Nmax,-0.0288834048495077
626,79,log,rmax,1.1675410597985287
627,79,log,tlag,0.06143181392241341
628,79,lin,N0,0.0268096514745313
629,79,lin,Nmax,0.935656836461126
630,79,lin,rmax,1.940567089774536
631,79,lin,tlag,0.26059756761140856
632,80,log,N0,-1.79355758142503
633,80,log,Nmax,-0.0584912317407486
634,80,log,rmax,0.8001168503899145
635,80,log,tlag,0.4138974745189144
636,80,lin,N0,0.016085790884719
637,80,lin,Nmax,0.8739946380697049
638,80,lin,rmax,1.0645889821848808
639,80,lin,tlag,0
640,81,log,N0,-1.72777356218623
641,81,log,Nmax,-0.436151035044074
642,81,log,rmax,0.36076581834150123
643,81,log,tlag,0.21211425368130424
644,81,lin,N0,0.0187165775401066
645,81,lin,Nmax,0.36631016042780695
646,81,lin,rmax,0.44119826261225953
647,81,lin,tlag,0
648,82,log,N0,-1.96964884048069
649,82,log,Nmax,-0.165168651374733
650,82,log,rmax,0.6431072625174414
651,82,log,tlag,1.1991404214035348
652,82,lin,N0,0.0107238605898132
653,82,lin,Nmax,0.6836461126005361
654,82,lin,rmax,0.6791332877517873
655,82,lin,tlag,0
656,83,log,N0,-1.53147891704225
657,83,log,Nmax,-0.0871501757189003
658,83,log,rmax,0.8161949209566386
659,83,log,tlag,1.2760142586203533
660,83,lin,N0,0.0294117647058827
661,83,lin,Nmax,0.818181818181818
662,83,lin,rmax,0.6273176607394346
663,83,lin,tlag,0
664,84,log,N0,-1.87390159786445
665,84,log,Nmax,-0.856868258565682
666,84,log,rmax,0.3297051620404254
667,84,log,tlag,0.5668296498836751
668,84,lin,N0,0.0133689839572195
669,84,lin,Nmax,0.13903743315508
670,84,lin,rmax,0.5178106900834669
671,84,lin,tlag,0
672,85,log,N0,-2.2718416065365
673,85,log,Nmax,-0.78754176718971
674,85,log,rmax,0.5171700895378553
675,85,log,tlag,0.22381491697071182
676,85,lin,N0,0.00534759358288772
677,85,lin,Nmax,0.163101604278076
678,85,lin,rmax,0.6391242654022088
679,85,lin,tlag,0
680,86,log,N0,-1.3967803431448
681,86,log,Nmax,-0.0401172232079824
682,86,log,rmax,0.9450482132060651
683,86,log,tlag,0.27943272195353
684,86,lin,N0,0.0401069518716572
685,86,lin,Nmax,0.911764705882353
686,86,lin,rmax,1.7096514699905014
687,86,lin,tlag,0.28251189927838133
688,87,log,N0,-2.2718416065365
689,87,log,Nmax,-0.4236524895451
690,87,log,rmax,0.608075146518614
691,87,log,tlag,0.4096507419114998
692,87,lin,N0,0.00534759358288772
693,87,lin,Nmax,0.37700534759358295
694,87,lin,rmax,0.7137272796509536
695,87,lin,tlag,0.30185618068678427
696,88,log,N0,-1.72777356218624
697,88,log,Nmax,-0.19266036048887397
698,88,log,rmax,0.4705946172470912
699,88,log,tlag,0.38681701200436175
700,88,lin,N0,0.0187165775401064
701,88,lin,Nmax,0.6417112299465251
702,88,lin,rmax,0.7152904099158165
703,88,lin,tlag,0
704,89,log,N0,2.16349770157069
705,89,log,Nmax,4.29445882712152
706,89,log,rmax,0.02140951008031703
707,89,log,tlag,153.55785961062801
708,89,lin,N0,145.712799310917
709,89,lin,Nmax,19699.6643755473
710,89,lin,rmax,0.007887125899504107
711,89,lin,tlag,0
712,90,log,N0,2.19480617212902
713,90,log,Nmax,4.3480166672011205
714,90,log,rmax,0.013979832581468616
715,90,log,tlag,118.51715354658434
716,90,lin,N0,156.605197702724
717,90,lin,Nmax,22285.20673013
718,90,lin,rmax,0.0062108529277759795
719,90,lin,tlag,0
720,91,log,N0,3.00406497246917
721,91,log,Nmax,4.33496871963122
722,91,log,rmax,0.010973877201704924
723,91,log,tlag,168.58567123682533
724,91,lin,N0,1009.4038862852199
725,91,lin,Nmax,21625.6275799762
726,91,lin,rmax,0.010132429461998445
727,91,lin,tlag,0
728,92,log,N0,2.06825693341766
729,92,log,Nmax,4.42938383628112
730,92,log,rmax,0.014486874773045513
731,92,log,tlag,20.063069194309502
732,92,lin,N0,117.01914844961
733,92,lin,Nmax,26877.188443477902
734,92,lin,rmax,0.0045495632602160175
735,92,lin,tlag,0
736,93,log,N0,2.69018521810932
737,93,log,Nmax,4.30567543626702
738,93,log,rmax,0.006463635247516896
739,93,log,tlag,0
740,93,lin,N0,489.987745011575
741,93,lin,Nmax,20215.0786919774
742,93,lin,rmax,0.005495273070626032
743,93,lin,tlag,0
744,94,log,N0,2.57929598566024
745,94,log,Nmax,4.303339101832201
746,94,log,rmax,0.017058442001100082
747,94,log,tlag,60.92277933713666
748,94,lin,N0,379.573588451414
749,94,lin,Nmax,20106.6214661967
750,94,lin,rmax,0.007940190883706202
751,94,lin,tlag,0
752,95,log,N0,3.0686661312484103
753,95,log,Nmax,4.379002092788331
754,95,log,rmax,0.00921533617585357
755,95,log,tlag,36.358365939349994
756,95,lin,N0,1171.2945735114
757,95,lin,Nmax,23933.272893986697
758,95,lin,rmax,0.00559952732217369
759,95,lin,tlag,0
760,96,log,N0,2.7658605026749905
761,96,log,Nmax,4.37968770843007
762,96,log,rmax,0.01460670802423526
763,96,log,tlag,73.84253751427795
764,96,lin,N0,583.2577291979251
765,96,lin,Nmax,23971.085912863196
766,96,lin,rmax,0.005906793936060826
767,96,lin,tlag,0
768,97,log,N0,2.39378587876105
769,97,log,Nmax,4.32284538433691
770,97,log,rmax,0.019791628812232617
771,97,log,tlag,80.98442774530125
772,97,lin,N0,247.620090941506
773,97,lin,Nmax,21030.295948766798
774,97,lin,rmax,0.003747364069241517
775,97,lin,tlag,0
776,98,log,N0,2.25921948419838
777,98,log,Nmax,4.33757985231902
778,98,log,rmax,0.024993597466384142
779,98,log,tlag,73.31207478592697
780,98,lin,N0,181.643342186246
781,98,lin,Nmax,21756.0401850715
782,98,lin,rmax,0.003743067328725183
783,98,lin,tlag,0
784,99,log,N0,3.0733033438031803
785,99,log,Nmax,4.31854385692768
786,99,log,rmax,0.01422948767731977
787,99,log,tlag,41.51073528403133
788,99,lin,N0,1183.86816923108
789,99,lin,Nmax,20823.026744974
790,99,lin,rmax,0.009850786333161755
791,99,lin,tlag,0
792,100,log,N0,2.8705394281344403
793,100,log,Nmax,4.30982812038005
794,100,log,rmax,0.01905853220704342
795,100,log,tlag,80.39530672247245
796,100,lin,N0,742.231579387357
797,100,lin,Nmax,20409.3005112775
798,100,lin,rmax,0.0014099022586741565
799,100,lin,tlag,0
800,101,log,N0,3.09717803022898
801,101,log,Nmax,4.31342000886617
802,101,log,rmax,0.012260790762301063
803,101,log,tlag,49.84207391101794
804,101,lin,N0,1250.77165365372
805,101,lin,Nmax,20578.798221732
806,101,lin,rmax,0.007324109699141299
807,101,lin,tlag,0
808,102,log,N0,2.88856407858566
809,102,log,Nmax,4.34100502695337
810,102,log,rmax,0.015094912774068877
811,102,log,tlag,75.03119888214071
812,102,lin,N0,773.6848247614399
813,102,lin,Nmax,21928.3031718792
814,102,lin,rmax,0.0020390611111751784
815,102,lin,tlag,0
816,103,log,N0,3.05490087000049
817,103,log,Nmax,4.288260141075759
818,103,log,rmax,0.012884295850896411
819,103,log,tlag,27.848242497220127
820,103,lin,N0,1134.7517730495
821,103,lin,Nmax,19420.488106011002
822,103,lin,rmax,0.0069380589518403
823,103,lin,tlag,0
824,104,log,N0,3.10298416072025
825,104,log,Nmax,4.16331116477067
826,104,log,rmax,0.004929120536539509
827,104,log,tlag,0
828,104,lin,N0,1267.60563380283
829,104,lin,Nmax,14565.0226646591
830,104,lin,rmax,0.00926722399782647
831,104,lin,tlag,33.343017460483445
832,105,log,N0,3.0549008700005604
833,105,log,Nmax,4.1418180456571605
834,105,log,rmax,0.005733217646628525
835,105,log,tlag,0
836,105,lin,N0,1134.75177304968
837,105,lin,Nmax,13861.7494791338
838,105,lin,rmax,0.006998236717733242
839,105,lin,tlag,0
840,106,log,N0,3.10298416072025
841,106,log,Nmax,4.14842468929272
842,106,log,rmax,0.005798009091626149
843,106,log,tlag,0
844,106,lin,N0,1267.60563380283
845,106,lin,Nmax,14074.231469203702
846,106,lin,rmax,0.003236744510573004
847,106,lin,tlag,0
848,107,log,N0,2.78561965033233
849,107,log,Nmax,4.14727391592685
850,107,log,rmax,0.007466009637931722
851,107,log,tlag,0
852,107,lin,N0,610.407203761279
853,107,lin,Nmax,14036.9875890781
854,107,lin,rmax,0.014137576830178524
855,107,lin,tlag,0
856,108,log,N0,3.1029841607202404
857,108,log,Nmax,4.18498720018126
858,108,log,rmax,0.012067855615122157
859,108,log,tlag,0
860,108,lin,N0,1267.6056338028
861,108,lin,Nmax,15310.4233710871
862,108,lin,rmax,0.006184821617892984
863,108,lin,tlag,0
864,109,log,N0,1.94350484690565
865,109,log,Nmax,3.70266490379521
866,109,log,rmax,0.02032830517808229
867,109,log,tlag,85.8998586970435
868,109,lin,N0,87.8020886117301
869,109,lin,Nmax,5042.720573872821
870,109,lin,rmax,0.00205275176293694
871,109,lin,tlag,0
872,110,log,N0,2.05633827389347
873,110,log,Nmax,3.7506379691033103
874,110,log,rmax,0.025938032551354993
875,110,log,tlag,191.87276065277354
876,110,lin,N0,113.851373393409
877,110,lin,Nmax,5631.67999342727
878,110,lin,rmax,0.0044584848047808006
879,110,lin,tlag,0
880,111,log,N0,2.05439923353781
881,111,log,Nmax,3.83005436703327
882,111,log,rmax,0.01981674889764505
883,111,log,tlag,110.71920299511619
884,111,lin,N0,113.34418226208099
885,111,lin,Nmax,6761.676159479361
886,111,lin,rmax,0.005364215154525621
887,111,lin,tlag,0
888,112,log,N0,2.24493821501803
889,112,log,Nmax,3.70007334085679
890,112,log,rmax,0.01810467928414375
891,112,log,tlag,183.50069108726723
892,112,lin,N0,175.767354043084
893,112,lin,Nmax,5012.71878048321
894,112,lin,rmax,0.001959608339825353
895,112,lin,tlag,0
896,113,log,N0,2.4563029889755295
897,113,log,Nmax,3.8257264233052
898,113,log,rmax,0.012951044958350918
899,113,log,tlag,224.7120590890054
900,113,lin,N0,285.95848595822497
901,113,lin,Nmax,6694.62759462729
902,113,lin,rmax,0.001276399907270108
903,113,lin,tlag,0
904,114,log,N0,0.0200911425736681
905,114,log,Nmax,2.91549628936602
906,114,log,rmax,0.020469529612239808
907,114,log,tlag,167.77659456907332
908,114,lin,N0,1.04734832520669
909,114,lin,Nmax,823.1828035759061
910,114,lin,rmax,0.023076209157790413
911,114,lin,tlag,307.44186917928727
912,115,log,N0,0.0250324776390834
913,115,log,Nmax,2.47859538896672
914,115,log,rmax,0.02202366870213291
915,115,log,tlag,142.4142398254291
916,115,lin,N0,1.05933294181021
917,115,lin,Nmax,301.02002603050397
918,115,lin,rmax,0.018975080900703645
919,115,lin,tlag,245.8852531200152
920,116,log,N0,0.0125976893975447
921,116,log,Nmax,3.1736403212449904
922,116,log,rmax,0.050659194931832074
923,116,log,tlag,59.42010057058409
924,116,lin,N0,1.02943205969681
925,116,lin,Nmax,1491.55860258709
926,116,lin,rmax,0.02264665001527685
927,116,lin,tlag,0
928,117,log,N0,0.0190051348669824
929,117,log,Nmax,3.2216961622657996
930,117,log,rmax,0.09047650759713391
931,117,log,tlag,52.76824110941517
932,117,lin,N0,1.04473257151008
933,117,lin,Nmax,1666.0811939262899
934,117,lin,rmax,0.06730762539378476
935,117,lin,tlag,92.81675670735066
936,118,log,N0,0.6349344057132691
937,118,log,Nmax,3.0621616301537995
938,118,log,rmax,0.12418690276398184
939,118,log,tlag,38.09993603193142
940,118,lin,N0,4.31453906649959
941,118,lin,Nmax,1153.88261516185
942,118,lin,rmax,0.10225413855912202
943,118,lin,tlag,65.73955791343444
944,119,log,N0,0.500649552781694
945,119,log,Nmax,2.9649096400201804
946,119,log,rmax,0.21757395583152744
947,119,log,tlag,15.41393038667173
948,119,lin,N0,3.1670108612222005
949,119,lin,Nmax,922.379495488011
950,119,lin,rmax,0.23686539899590836
951,119,lin,tlag,30.225194188884675
952,120,log,N0,-0.00203894122959326
953,120,log,Nmax,2.82189466175634
954,120,log,rmax,0.01711568406646045
955,120,log,tlag,116.68354731324104
956,120,lin,N0,0.99531616783365
957,120,lin,Nmax,663.582098863891
958,120,lin,rmax,0.02161707125067441
959,120,lin,tlag,310.1632845344644
960,121,log,N0,0.517891072316553
961,121,log,Nmax,2.6638767164629003
962,121,log,rmax,0.02034429537576512
963,121,log,tlag,144.7838364850029
964,121,lin,N0,3.2952705139848595
965,121,lin,Nmax,461.186638540752
966,121,lin,rmax,0.018537508191130116
967,121,lin,tlag,215.27185805553688
968,122,log,N0,0.00815576491837247
969,122,log,Nmax,3.2041961423049803
970,122,log,rmax,0.04902650967681904
971,122,log,tlag,74.8485925439561
972,122,lin,N0,1.01895678358003
973,122,lin,Nmax,1600.2806071196399
974,122,lin,rmax,0.039963552180480796
975,122,lin,tlag,171.0528410163596
976,123,log,N0,0.00815576491837247
977,123,log,Nmax,3.29085114456267
978,123,log,rmax,0.06058949828041547
979,123,log,tlag,17.20222451812377
980,123,lin,N0,1.01895678358003
981,123,lin,Nmax,1953.6697161943803
982,123,lin,rmax,0.045288820696162815
983,123,lin,tlag,76.56634868333542
984,124,log,N0,0.39555459854098995
985,124,log,Nmax,3.3469220283764702
986,124,log,rmax,0.09945694385322792
987,124,log,tlag,26.59127890858141
988,124,lin,N0,2.48630611748292
989,124,lin,Nmax,2222.9107616544297
990,124,lin,rmax,0.12873091336186152
991,124,lin,tlag,65.66167951521267
992,125,log,N0,0.31909430243126297
993,125,log,Nmax,3.40299291219027
994,125,log,rmax,0.1928386926796762
995,125,log,tlag,16.182429988428353
996,125,lin,N0,2.08494355728446
997,125,lin,Nmax,2529.25671791876
998,125,lin,rmax,0.21805521510376719
999,125,lin,tlag,37.60780479359416
1000,126,log,N0,0.00629412292612937
1001,126,log,Nmax,1.4224717813063001
1002,126,log,rmax,0.019955547712578726
1003,126,log,tlag,165.85156108075967
1004,126,lin,N0,1.01459828276328
1005,126,lin,Nmax,26.4528080952361
1006,126,lin,rmax,0.006268549422479941
1007,126,lin,tlag,0
1008,127,log,N0,0.24756883509460603
1009,127,log,Nmax,2.47149226899532
1010,127,log,rmax,0.024662697540916944
1011,127,log,tlag,153.05449983120383
1012,127,lin,N0,1.7683524770261898
1013,127,lin,Nmax,296.136724874978
1014,127,lin,rmax,0.011059399418541681
1015,127,lin,tlag,0
1016,128,log,N0,-0.0041960819507570295
1017,128,log,Nmax,2.63933554702556
1018,128,log,rmax,0.034632238575067704
1019,128,log,tlag,130.5744405670486
1020,128,lin,N0,0.99038468982484
1021,128,lin,Nmax,435.84849132211195
1022,128,lin,rmax,0.03875849447003405
1023,128,lin,tlag,233.49065391338223
1024,129,log,N0,0.00629412292612937
1025,129,log,Nmax,2.74423759579446
1026,129,log,rmax,0.0743188093068863
1027,129,log,tlag,35.18665124229758
1028,129,lin,N0,1.01459828276328
1029,129,lin,Nmax,554.929223123185
1030,129,lin,rmax,0.05250687090285902
1031,129,lin,tlag,101.49671307332014
1032,130,log,N0,0.12168637657192301
1033,130,log,Nmax,3.24252232744674
1034,130,log,rmax,0.11598477444821781
1035,130,log,tlag,21.962906892710674
1036,130,lin,N0,1.32338551430056
1037,130,lin,Nmax,1747.92312231483
1038,130,lin,rmax,0.10778304807959135
1039,130,lin,tlag,68.75860807334703
1040,131,log,N0,0.11119617169503199
1041,131,log,Nmax,3.3421792737772
1042,131,log,rmax,0.1916852094875447
1043,131,log,tlag,11.75240390105077
1044,131,lin,N0,1.29180265171514
1045,131,lin,Nmax,2198.76732151571
1046,131,lin,rmax,0.2277190325891175
1047,131,lin,tlag,36.85361080220523
1048,132,log,N0,0.008825185397715379
1049,132,log,Nmax,2.71267442749281
1050,132,log,rmax,0.03843927023917503
1051,132,log,tlag,118.04201672044366
1052,132,lin,N0,1.020528612233
1053,132,lin,Nmax,516.0293784756179
1054,132,lin,rmax,0.010854853784368247
1055,132,lin,tlag,0
1056,133,log,N0,0.13823112028774898
1057,133,log,Nmax,3.14450380117685
1058,133,log,rmax,0.03160348104236623
1059,133,log,tlag,81.58216633274192
1060,133,lin,N0,1.37477339920939
1061,133,lin,Nmax,1394.7738653910599
1062,133,lin,rmax,0.018503474165838394
1063,133,lin,tlag,178.93947560537586
1064,134,log,N0,-0.0121301394950978
1065,134,log,Nmax,2.8170428313420803
1066,134,log,rmax,0.04616281441103518
1067,134,log,tlag,85.2534260480334
1068,134,lin,N0,0.972455776677133
1069,134,lin,Nmax,656.2099803837809
1070,134,lin,rmax,0.022435884466374817
1071,134,lin,tlag,56.80642743747049
1072,135,log,N0,-0.0104972570359176
1073,135,log,Nmax,3.2826864792849797
1074,135,log,rmax,0.08632433453508934
1075,135,log,tlag,33.189456484501974
1076,135,lin,N0,0.9761189474884151
1077,135,lin,Nmax,1917.28413795579
1078,135,lin,rmax,0.055282853788868894
1079,135,lin,tlag,81.64586975186421
1080,136,log,N0,0.11482647170616801
1081,136,log,Nmax,3.7283273171029196
1082,136,log,rmax,0.13687123746783839
1083,136,log,tlag,19.802629160502757
1084,136,lin,N0,1.3026461843735
1085,136,lin,Nmax,5349.673993097021
1086,136,lin,rmax,0.11886272690271245
1087,136,lin,tlag,67.96987556311447
1088,137,log,N0,0.298593785133078
1089,137,log,Nmax,3.64246491445769
1090,137,log,rmax,0.2003315589043603
1091,137,log,tlag,11.644908271205589
1092,137,lin,N0,1.9888122445498402
1093,137,lin,Nmax,4390.00398487021
1094,137,lin,rmax,0.20068588161365394
1095,137,lin,tlag,38.12259538641564
1096,138,log,N0,0.0696638253444153
1097,138,log,Nmax,2.58435800850875
1098,138,log,rmax,0.03340186146142737
1099,138,log,tlag,132.50414959648333
1100,138,lin,N0,1.1739884530073101
1101,138,lin,Nmax,384.02368307178597
1102,138,lin,rmax,0.009380962528908287
1103,138,lin,tlag,0
1104,139,log,N0,0.0144425003762815
1105,139,log,Nmax,2.22329549910171
1106,139,log,rmax,0.027308855136278835
1107,139,log,tlag,112.57614865028303
1108,139,lin,N0,1.03381421721742
1109,139,lin,Nmax,167.222803104002
1110,139,lin,rmax,0.009630548676848597
1111,139,lin,tlag,0
1112,140,log,N0,0.0144425003762815
1113,140,log,Nmax,2.36772050286454
1114,140,log,rmax,0.03643525110606092
1115,140,log,tlag,88.73392065994183
1116,140,lin,N0,1.03381421721742
1117,140,lin,Nmax,233.1956811284
1118,140,lin,rmax,0.024123035383619793
1119,140,lin,tlag,0
1120,141,log,N0,0.0186902946046003
1121,141,log,Nmax,2.7287830122715895
1122,141,log,rmax,0.08075570912720255
1123,141,log,tlag,38.417185051336816
1124,141,lin,N0,1.04397547075625
1125,141,lin,Nmax,535.529022843063
1126,141,lin,rmax,0.0315127555955897
1127,141,lin,tlag,17.291506395599555
1128,142,log,N0,0.103646179170965
1129,142,log,Nmax,3.0346241967105003
1130,142,log,rmax,0.11491420299137566
1131,142,log,tlag,14.041681977887624
1132,142,lin,N0,1.2695393867751799
1133,142,lin,Nmax,1082.98937710397
1134,142,lin,rmax,0.10605312742583851
1135,142,lin,tlag,65.01768211521554
1136,143,log,N0,0.171610886824052
1137,143,log,Nmax,2.8392256622078595
1138,143,log,rmax,0.15869400131964695
1139,143,log,tlag,12.210755665650066
1140,143,lin,N0,1.48460489042185
1141,143,lin,Nmax,690.598550079975
1142,143,lin,rmax,0.22626174296725163
1143,143,lin,tlag,33.33057747288655
1144,144,log,N0,0.0827757858670325
1145,144,log,Nmax,3.4095828748053902
1146,144,log,rmax,0.026592660579494633
1147,144,log,tlag,141.46774862965913
1148,144,lin,N0,1.20997329679213
1149,144,lin,Nmax,2567.92818956716
1150,144,lin,rmax,0.017403000640305585
1151,144,lin,tlag,308.7025131611864
1152,145,log,N0,1.29842914333126
1153,145,log,Nmax,3.1033495862838705
1154,145,log,rmax,0.02582608695652154
1155,145,log,tlag,214.2687045464825
1156,145,lin,N0,19.8805842522665
1157,145,lin,Nmax,1268.67267576939
1158,145,lin,rmax,0.007672919828674261
1159,145,lin,tlag,0
1160,146,log,N0,-0.019301976973478
1161,146,log,Nmax,2.95951273864497
1162,146,log,rmax,0.05387877993979237
1163,146,log,tlag,118.9728327930884
1164,146,lin,N0,0.956528739103029
1165,146,lin,Nmax,910.988172809688
1166,146,lin,rmax,0.0474743879913962
1167,146,lin,tlag,203.77419068007026
1168,147,log,N0,-0.000742383729750842
1169,147,log,Nmax,3.54413992582242
1170,147,log,rmax,0.11124814720163556
1171,147,log,tlag,33.11023402118562
1172,147,lin,N0,0.998292058485558
1173,147,lin,Nmax,3500.57934416505
1174,147,lin,rmax,0.05538299172235613
1175,147,lin,tlag,82.79957383467764
1176,148,log,N0,0.0363768027577053
1177,148,log,Nmax,3.7900545363018296
1178,148,log,rmax,0.17661538461538479
1179,148,log,tlag,13.290131277936094
1180,148,lin,N0,1.08736863769518
1181,148,lin,Nmax,6166.724353172421
1182,148,lin,rmax,0.12144956888533483
1183,148,lin,tlag,60.64386413123201
1184,149,log,N0,0.101335379110758
1185,149,log,Nmax,3.4467020612928505
1186,149,log,rmax,0.32428575446491625
1187,149,log,tlag,15.256815517266952
1188,149,lin,N0,1.2628023432938
1189,149,lin,Nmax,2797.0617951471004
1190,149,lin,rmax,0.2395579326306558
1191,149,lin,tlag,31.692988701933444
1192,150,log,N0,0.0317776450173107
1193,150,log,Nmax,2.78584021318428
1194,150,log,rmax,0.02562946538556302
1195,150,log,tlag,132.89916370277822
1196,150,lin,N0,1.07591421390518
1197,150,lin,Nmax,610.71728678749
1198,150,lin,rmax,0.02188007292570015
1199,150,lin,tlag,255.8733217540271
1200,151,log,N0,0.741478383737259
1201,151,log,Nmax,3.1459868567137996
1202,151,log,rmax,0.027681334918268734
1203,151,log,tlag,147.70363041066318
1204,151,lin,N0,5.51414755975255
1205,151,lin,Nmax,1399.5449667538
1206,151,lin,rmax,0.017448752288612455
1207,151,lin,tlag,192.1261087807158
1208,152,log,N0,0.010592548339101998
1209,152,log,Nmax,3.40020801685229
1210,152,log,rmax,0.046372701964591125
1211,152,log,tlag,67.12118083471177
1212,152,lin,N0,1.02469011894639
1213,152,lin,Nmax,2513.08985427153
1214,152,lin,rmax,0.004725223837727014
1215,152,lin,tlag,0
1216,153,log,N0,0.0211850966782054
1217,153,log,Nmax,2.6693221814541404
1218,153,log,rmax,0.11246990154521182
1219,153,log,tlag,53.590595420288466
1220,153,lin,N0,1.04998983986637
1221,153,lin,Nmax,467.005700118048
1222,153,lin,rmax,0.042458554929723634
1223,153,lin,tlag,65.54630517477707
1224,154,log,N0,0.0635552900346209
1225,154,log,Nmax,3.17246822756156
1226,154,log,rmax,0.15441828714807687
1227,154,log,tlag,23.42259892135758
1228,154,lin,N0,1.1575913956832
1229,154,lin,Nmax,1487.53854364841
1230,154,lin,rmax,0.12253343135671646
1231,154,lin,tlag,47.71359791005432
1232,155,log,N0,0.233036063460281
1233,155,log,Nmax,2.7328774714887594
1234,155,log,rmax,0.23138639281129597
1235,155,log,tlag,15.453536754507596
1236,155,lin,N0,1.7101573192660502
1237,155,lin,Nmax,540.601780191663
1238,155,lin,rmax,0.3036326946063333
1239,155,lin,tlag,26.70257492410099
1240,156,log,N0,0.0473907384073434
1241,156,log,Nmax,2.5977540162472
1242,156,log,rmax,0.02558561822478931
1243,156,log,tlag,120.9710975231312
1244,156,lin,N0,1.1152975249115602
1245,156,lin,Nmax,396.053646514854
1246,156,lin,rmax,0.01746859123891613
1247,156,lin,tlag,230.16754201728136
1248,157,log,N0,0.504691405990739
1249,157,log,Nmax,2.69804988224913
1250,157,log,rmax,0.024219434428759793
1251,157,log,tlag,150.0365796245035
1252,157,lin,N0,3.19662289746867
1253,157,lin,Nmax,498.941791686821
1254,157,lin,rmax,0.02193688217910433
1255,157,lin,tlag,194.94132832773994
1256,158,log,N0,6.07859315119281e-05
1257,158,log,Nmax,3.0111184283312595
1258,158,log,rmax,0.03374191662175568
1259,158,log,tlag,57.1211235396871
1260,158,lin,N0,1.0001399745752901
1261,158,lin,Nmax,1025.93165075642
1262,158,lin,rmax,0.042163975126645964
1263,158,lin,tlag,192.32850344709817
1264,159,log,N0,-0.0016360625567376401
1265,159,log,Nmax,2.83252512494294
1266,159,log,rmax,0.0684069624630297
1267,159,log,tlag,35.69197681158459
1268,159,lin,N0,0.9962399136408341
1269,159,lin,Nmax,680.025384910909
1270,159,lin,rmax,0.03443889745832075
1271,159,lin,tlag,57.61148789427399
1272,160,log,N0,0.0510874440424605
1273,160,log,Nmax,2.5364856654750296
1274,160,log,rmax,0.10798680914442832
1275,160,log,tlag,23.197250768499572
1276,160,lin,N0,1.1248314329944
1277,160,lin,Nmax,343.94235887236704
1278,160,lin,rmax,0.0966763974156219
1279,160,lin,tlag,49.62010632482021
1280,161,log,N0,0.445362310633711
1281,161,log,Nmax,2.43134166093525
1282,161,log,rmax,0.22151217156697436
1283,161,log,tlag,22.542573769113133
1284,161,lin,N0,2.78844646298452
1285,161,lin,Nmax,269.986258820235
1286,161,lin,rmax,0.24791076438271903
1287,161,lin,tlag,29.25020561767989
1288,162,log,N0,0.0124949589388012
1289,162,log,Nmax,3.35514889848157
1290,162,log,rmax,0.03345206603582487
1291,162,log,tlag,199.8935243672205
1292,162,lin,N0,1.02918858084708
1293,162,lin,Nmax,2265.42087723526
1294,162,lin,rmax,0.02091529985331672
1295,162,lin,tlag,319.16824989639326
1296,163,log,N0,0.0643995232174119
1297,163,log,Nmax,3.41224391918805
1298,163,log,rmax,0.02860116818287
1299,163,log,tlag,161.51697383995472
1300,163,lin,N0,1.15984384787522
1301,163,lin,Nmax,2583.71091070578
1302,163,lin,rmax,0.022058323131090615
1303,163,lin,tlag,265.50811512142775
1304,164,log,N0,0.00211404608307351
1305,164,log,Nmax,3.1319592720835296
1306,164,log,rmax,0.049311008233242484
1307,164,log,tlag,100.50051576142025
1308,164,lin,N0,1.0048796378412401
1309,164,lin,Nmax,1355.06232933357
1310,164,lin,rmax,0.031932375077886196
1311,164,lin,tlag,58.433578550091696
1312,165,log,N0,0.0228758717945214
1313,165,log,Nmax,3.04891196923775
1314,165,log,rmax,0.09475903082657043
1315,165,log,tlag,43.95653050565964
1316,165,lin,N0,1.05408557906649
1317,165,lin,Nmax,1119.21099828323
1318,165,lin,rmax,0.05465979522603232
1319,165,lin,tlag,91.80994628835788
1320,166,log,N0,0.157827738918918
1321,166,log,Nmax,3.1215783592278097
1322,166,log,rmax,0.11942004693778721
1323,166,log,tlag,25.144010537154166
1324,166,lin,N0,1.43822799801308
1325,166,lin,Nmax,1323.05640394134
1326,166,lin,rmax,0.10623334054499689
1327,166,lin,tlag,54.57383392325965
1328,167,log,N0,0.147446826063194
1329,167,log,Nmax,2.67000865000386
1330,167,log,rmax,0.18649419688830665
1331,167,log,tlag,16.092808919850487
1332,167,lin,N0,1.4042577392250202
1333,167,lin,Nmax,467.74445743382006
1334,167,lin,rmax,0.23690535376442795
1335,167,lin,tlag,30.583152739508343
1336,168,log,N0,0.00904780170631881
1337,168,log,Nmax,2.5695756845942404
1338,168,log,rmax,0.027494612068965512
1339,168,log,tlag,166.1615171903239
1340,168,lin,N0,1.02105186214511
1341,168,lin,Nmax,371.172408153638
1342,168,lin,rmax,0.022276499875430816
1343,168,lin,tlag,256.86814910361517
1344,169,log,N0,-0.00904780170631782
1345,169,log,Nmax,3.45806981215464
1346,169,log,rmax,0.06076957284813094
1347,169,log,tlag,81.5237282830266
1348,169,lin,N0,0.9793821813312399
1349,169,lin,Nmax,2871.2420925789
1350,169,lin,rmax,0.014689829159894018
1351,169,lin,tlag,57.33881604664985
1352,170,log,N0,0.0977162584282301
1353,170,log,Nmax,2.6763397447287898
1354,170,log,rmax,0.027153324599703117
1355,170,log,tlag,132.85041209065045
1356,170,lin,N0,1.2523227161918602
1357,170,lin,Nmax,474.613125718313
1358,170,lin,rmax,0.019701052304208252
1359,170,lin,tlag,194.96396279872076
1360,171,log,N0,-0.00904780170631782
1361,171,log,Nmax,2.9133921494343196
1362,171,log,rmax,0.11991687811183452
1363,171,log,tlag,51.097024957012124
1364,171,lin,N0,0.9793821813312399
1365,171,lin,Nmax,819.2041607667641
1366,171,lin,rmax,0.0703686539641828
1367,171,lin,tlag,81.88848477746684
1368,172,log,N0,0.190003835832672
1369,172,log,Nmax,3.1350632912391
1370,172,log,rmax,0.15732086885657004
1371,172,log,tlag,24.116029923968114
1372,172,lin,N0,1.5488302986341298
1373,172,lin,Nmax,1364.7820165072599
1374,172,lin,rmax,0.10748142593621318
1375,172,lin,tlag,43.48603374725384
1376,173,log,N0,0.144764827301084
1377,173,log,Nmax,2.6600537016574197
1378,173,log,rmax,0.2269515306122447
1379,173,log,tlag,13.53309978331053
1380,173,lin,N0,1.39561242508609
1381,173,lin,Nmax,457.14471326891
1382,173,lin,rmax,0.2904889570095062
1383,173,lin,tlag,25.45093386401033
1384,174,log,N0,0.0929080314392717
1385,174,log,Nmax,2.59957373522464
1386,174,log,rmax,0.024180586048572948
1387,174,log,tlag,177.88427675291456
1388,174,lin,N0,1.23853428000463
1389,174,lin,Nmax,397.71661571756897
1390,174,lin,rmax,0.02288450308215749
1391,174,lin,tlag,263.36793260336555
1392,175,log,N0,0.22643830026660602
1393,175,log,Nmax,2.9568805986779796
1394,175,log,rmax,0.026653220234613823
1395,175,log,tlag,125.50090475321079
1396,175,lin,N0,1.6843731127625803
1397,175,lin,Nmax,905.4836205185769
1398,175,lin,rmax,0.024006611583330235
1399,175,lin,tlag,208.5596684775506
1400,176,log,N0,-0.0138954249333057
1401,176,log,Nmax,3.3201057644465397
1402,176,log,rmax,0.044768420041335744
1403,176,log,tlag,84.18749296729239
1404,176,lin,N0,0.9685110388543291
1405,176,lin,Nmax,2089.80500252367
1406,176,lin,rmax,0.053610405958624686
1407,176,lin,tlag,208.6440031511445
1408,177,log,N0,0.00188117892348077
1409,177,log,Nmax,2.63200711136392
1410,177,log,rmax,0.09689396588569091
1411,177,log,tlag,42.966842786364495
1412,177,lin,N0,1.00434096937539
1413,177,lin,Nmax,428.555537731446
1414,177,lin,rmax,0.02714435527228622
1415,177,lin,tlag,0
1416,178,log,N0,0.152174089348649
1417,178,log,Nmax,2.7275489787992595
1418,178,log,rmax,0.14408212560386593
1419,178,log,tlag,29.32973960808717
1420,178,lin,N0,1.4196264727828702
1421,178,lin,Nmax,534.0094946226191
1422,178,lin,rmax,0.11382511952461953
1423,178,lin,tlag,49.6862478902501
1424,179,log,N0,0.11927156683153699
1425,179,log,Nmax,2.6286338243550698
1426,179,log,rmax,0.30786956521739184
1427,179,log,tlag,18.405645441068977
1428,179,lin,N0,1.3160475070114699
1429,179,lin,Nmax,425.239720821317
1430,179,lin,rmax,0.28446748292902213
1431,179,lin,tlag,26.887731247800698
1432,180,log,N0,0.112284553123821
1433,180,log,Nmax,2.88739874997671
1434,180,log,rmax,0.02627142598494925
1435,180,log,tlag,162.155429831333
1436,180,lin,N0,1.2950440864935702
1437,180,lin,Nmax,771.6116035580791
1438,180,lin,rmax,0.019594996455891123
1439,180,lin,tlag,258.97882839428144
1440,181,log,N0,0.12178349796954199
1441,181,log,Nmax,4.07187145539142
1442,181,log,rmax,0.034261018542641436
1443,181,log,tlag,148.35424260416468
1444,181,lin,N0,1.32368149647086
1445,181,lin,Nmax,11799.713302641101
1446,181,lin,rmax,0.016901720500766017
1447,181,lin,tlag,229.7422875857594
1448,182,log,N0,-0.00845871905950084
1449,182,log,Nmax,3.9169421410628
1450,182,log,rmax,0.06923846290465333
1451,182,log,tlag,105.72132327286326
1452,182,lin,N0,0.980711529345289
1453,182,lin,Nmax,8259.279078973399
1454,182,lin,rmax,0.035890056223322496
1455,182,lin,tlag,176.02477105872396
1456,183,log,N0,-0.0102365964370437
1457,183,log,Nmax,3.5522232961842697
1458,183,log,rmax,0.11872824376774008
1459,183,log,tlag,44.92145747030376
1460,183,lin,N0,0.97670498330193
1461,183,lin,Nmax,3566.34452917529
1462,183,lin,rmax,0.03512639924488064
1463,183,lin,tlag,62.10743620937133
1464,184,log,N0,0.254311557341143
1465,184,log,Nmax,3.59306367937123
1466,184,log,rmax,0.169380750747755
1467,184,log,tlag,23.758792878339673
1468,184,lin,N0,1.79602160785952
1469,184,lin,Nmax,3917.9932132229296
1470,184,lin,rmax,0.11465831393805428
1471,184,lin,tlag,51.01227257949105
1472,185,log,N0,0.157798213988886
1473,185,log,Nmax,3.1636300979501897
1474,185,log,rmax,0.2667529345763818
1475,185,log,tlag,14.90604487701961
1476,185,lin,N0,1.43813022532796
1477,185,lin,Nmax,1457.57227202074
1478,185,lin,rmax,0.2739018255163274
1479,185,lin,tlag,27.18777398634358
1480,186,log,N0,2.04255872335295
1481,186,log,Nmax,4.23012525468585
1482,186,log,rmax,1.6869784348866586
1483,186,log,tlag,1.0663606646373118
1484,186,lin,N0,110.295736071707
1485,186,lin,Nmax,16987.3351282432
1486,186,lin,rmax,1.3941440383933046
1487,186,lin,tlag,2.10350021571635
1488,187,log,N0,1.51293354628111
1489,187,log,Nmax,2.73827937015737
1490,187,log,rmax,0.7572318820713423
1491,187,log,tlag,1.6375076856222404
1492,187,lin,N0,32.5786846801933
1493,187,lin,Nmax,547.367957001801
1494,187,lin,rmax,1.3410240220993952
1495,187,lin,tlag,2.0749932866225893
1496,188,log,N0,1.5567274654897498
1497,188,log,Nmax,2.0863928204691202
1498,188,log,rmax,0.0
1499,188,log,tlag,0
1500,188,lin,N0,36.0352438682172
1501,188,lin,Nmax,122.00926769265699
1502,188,lin,rmax,0.9279472660920124
1503,188,lin,tlag,0.8390271138999552
1504,189,log,N0,2.13320857851157
1505,189,log,Nmax,4.13536353583206
1506,189,log,rmax,1.4818043614432572
1507,189,log,tlag,0
1508,189,lin,N0,135.896596015444
1509,189,lin,Nmax,13657.2586938854
1510,189,lin,rmax,1.4778458011486426
1511,189,lin,tlag,1.0845647344123952
1512,190,log,N0,1.71134984168484
1513,190,log,Nmax,3.4456579819725
1514,190,log,rmax,1.4535191013036846
1515,190,log,tlag,0.5507815601306414
1516,190,lin,N0,51.4457901258215
1517,190,lin,Nmax,2790.3455071764697
1518,190,lin,rmax,1.4494487922802546
1519,190,lin,tlag,0.9535305217802346
1520,191,log,N0,1.6577804782782701
1521,191,log,Nmax,2.58185199704158
1522,191,log,rmax,0.3865648699621347
1523,191,log,tlag,0.7850420214556858
1524,191,lin,N0,45.4758136612543
1525,191,lin,Nmax,381.814130455437
1526,191,lin,rmax,1.3105461402222256
1527,191,lin,tlag,0.9623245225363242
1528,192,log,N0,2.3914894377932403
1529,192,log,Nmax,4.14205970625789
1530,192,log,rmax,1.1437471172069307
1531,192,log,tlag,3.0140887639962117
1532,192,lin,N0,246.314193295928
1533,192,lin,Nmax,13869.4649142078
1534,192,lin,rmax,0.8267621326381075
1535,192,lin,tlag,3.632521653604846
1536,193,log,N0,1.9552817643397502
1537,193,log,Nmax,3.3213005312072497
1538,193,log,rmax,0.35579591667353094
1539,193,log,tlag,2.841792500538065
1540,193,lin,N0,90.21562544576142
1541,193,lin,Nmax,2095.56208041277
1542,193,lin,rmax,0.7685484894294465
1543,193,lin,tlag,5.365654730020376
1544,194,log,N0,1.91777288937428
1545,194,log,Nmax,4.1840164892755
1546,194,log,rmax,1.3130450212014682
1547,194,log,tlag,0.6579930386072159
1548,194,lin,N0,82.7509311549241
1549,194,lin,Nmax,15276.2405790605
1550,194,lin,rmax,1.9807123094954444
1551,194,lin,tlag,2.2477167381562198
1552,195,log,N0,1.77958828149598
1553,195,log,Nmax,3.8799943212462504
1554,195,log,rmax,1.0089474616824965
1555,195,log,tlag,0.41927876769498645
1556,195,lin,N0,60.19886200950629
1557,195,lin,Nmax,7585.676560749591
1558,195,lin,rmax,1.9096263486411713
1559,195,lin,tlag,2.3202824181431785
1560,196,log,N0,1.64141970431464
1561,196,log,Nmax,3.13381346940036
1562,196,log,rmax,0.8180417547568776
1563,196,log,tlag,0.5089285337953261
1564,196,lin,N0,43.794513303900004
1565,196,lin,Nmax,1360.86006402141
1566,196,lin,rmax,1.6835798325299844
1567,196,lin,tlag,1.8937781918738008
1568,197,log,N0,1.9548267001179498
1569,197,log,Nmax,4.1096291561000005
1570,197,log,rmax,1.2310775341931983
1571,197,log,tlag,1.8059963116836015
1572,197,lin,N0,90.12114484798059
1573,197,lin,Nmax,12871.499853963602
1574,197,lin,rmax,1.0822225795080345
1575,197,lin,tlag,2.6186320137651844
1576,198,log,N0,1.56215137632209
1577,198,log,Nmax,2.62046256201366
1578,198,log,rmax,0.2632675076832963
1579,198,log,tlag,2.6274643373287163
1580,198,lin,N0,36.4881106576891
1581,198,lin,Nmax,417.31362274889295
1582,198,lin,rmax,0.8279513488588154
1583,198,lin,tlag,3.2853298008464917
1584,199,log,N0,1.69406213566397
1585,199,log,Nmax,2.4832180544063
1586,199,log,rmax,0.40339330867156525
1587,199,log,tlag,2.7256666602557895
1588,199,lin,N0,49.4381414387978
1589,199,lin,Nmax,304.24122034244
1590,199,lin,rmax,0.9948682682188591
1591,199,lin,tlag,1.7556952651517912
1592,200,log,N0,2.17346747655983
1593,200,log,Nmax,4.01671504462528
1594,200,log,rmax,0.9328245607686876
1595,200,log,tlag,0.07570700874187879
1596,200,lin,N0,149.096509589482
1597,200,lin,Nmax,10392.3806265307
1598,200,lin,rmax,1.857264859961445
1599,200,lin,tlag,0.7407860093064601
1600,201,log,N0,1.5601979652704001
1601,201,log,Nmax,3.96393334586016
1602,201,log,rmax,2.13890640655358
1603,201,log,tlag,0.054854228241590225
1604,201,lin,N0,36.324359504899604
1605,201,lin,Nmax,9203.083149119391
1606,201,lin,rmax,1.8214945087313823
1607,201,lin,tlag,0.5613476647900425
1608,202,log,N0,1.7843930902801202
1609,202,log,Nmax,3.73973822085043
1610,202,log,rmax,1.630944889725192
1611,202,log,tlag,0.13181878004789513
1612,202,lin,N0,60.868568793587706
1613,202,lin,Nmax,5492.09727594766
1614,202,lin,rmax,1.9027081667289103
1615,202,lin,tlag,0.45343021216814106
1616,203,log,N0,2.04643364260586
1617,203,log,Nmax,3.8366956542122597
1618,203,log,rmax,1.0905257361852239
1619,203,log,tlag,1.6432536765534076
1620,203,lin,N0,111.284234468239
1621,203,lin,Nmax,6865.871234365971
1622,203,lin,rmax,1.5125914159762044
1623,203,lin,tlag,2.466899980009633
1624,204,log,N0,1.55950696499248
1625,204,log,Nmax,3.63271285683369
1626,204,log,rmax,1.05108248449136
1627,204,log,tlag,0.6769905713924323
1628,204,lin,N0,36.266610245146396
1629,204,lin,Nmax,4292.52523354154
1630,204,lin,rmax,1.528642169227298
1631,204,lin,tlag,2.4169231135201197
1632,205,log,N0,1.70206066597668
1633,205,log,Nmax,3.3694794056338595
1634,205,log,rmax,1.057000423308962
1635,205,log,tlag,1.0613729240988814
1636,205,lin,N0,50.357094698233205
1637,205,lin,Nmax,2341.42044172263
1638,205,lin,rmax,1.4399976812252948
1639,205,lin,tlag,2.159781184818013
1640,206,log,N0,2.21024831506326
1641,206,log,Nmax,4.11480709338052
1642,206,log,rmax,3.3429719843475496
1643,206,log,tlag,0.2637112450772809
1644,206,lin,N0,162.273765929338
1645,206,lin,Nmax,13025.8806127997
1646,206,lin,rmax,4.011595675813594
1647,206,lin,tlag,0.5106990472262929
1648,207,log,N0,2.00456893425803
1649,207,log,Nmax,4.1717015669923
1650,207,log,rmax,4.284728917370859
1651,207,log,tlag,0.07556322497067856
1652,207,lin,N0,101.057589347325
1653,207,lin,Nmax,14849.1490651122
1654,207,lin,rmax,4.449218322805355
1655,207,lin,tlag,0.29824236495959794
1656,208,log,N0,1.86802219758975
1657,208,log,Nmax,4.04084427768521
1658,208,log,rmax,4.1205410310213955
1659,208,log,tlag,0.21392148092075514
1660,208,lin,N0,73.79419467353809
1661,208,lin,Nmax,10986.118462739201
1662,208,lin,rmax,4.2032779103337266
1663,208,lin,tlag,0.4725718705946071
1664,209,log,N0,2.28741098017752
1665,209,log,Nmax,3.7109845773133396
1666,209,log,rmax,1.4595712227332127
1667,209,log,tlag,0.14500662620484167
1668,209,lin,N0,193.825529996315
1669,209,lin,Nmax,5140.25397163524
1670,209,lin,rmax,3.8762850584718076
1671,209,lin,tlag,0.511956509901869
1672,210,log,N0,2.0013658181362097
1673,210,log,Nmax,3.97707310014247
1674,210,log,rmax,3.920902549127289
1675,210,log,tlag,6.742035055175863e-05
1676,210,lin,N0,100.314986290562
1677,210,lin,Nmax,9485.78113866936
1678,210,lin,rmax,4.367704814962943
1679,210,lin,tlag,0.3206221365783222
1680,211,log,N0,1.8683215567216498
1681,211,log,Nmax,3.75089785573771
1682,211,log,rmax,2.603701399265155
1683,211,log,tlag,0
1684,211,lin,N0,73.8450785377748
1685,211,lin,Nmax,5635.0510617337595
1686,211,lin,rmax,4.18526913568689
1687,211,lin,tlag,0.41269861685012565
1688,212,log,N0,2.09682804543914
1689,212,log,Nmax,3.9968664037658597
1690,212,log,rmax,5.208866525307534
1691,212,log,tlag,0.07888698605357389
1692,212,lin,N0,124.976410063433
1693,212,lin,Nmax,9928.10596325673
1694,212,lin,rmax,5.706877067904557
1695,212,lin,tlag,0.2558767749268463
1696,213,log,N0,1.9136100608862001
1697,213,log,Nmax,4.0375815114443
1698,213,log,rmax,7.271887512997581
1699,213,log,tlag,0.09277676322303553
1700,213,lin,N0,81.96153075083201
1701,213,lin,Nmax,10903.8912508464
1702,213,lin,rmax,6.278952186573537
1703,213,lin,tlag,0.06305396223773356
1704,214,log,N0,1.61503260457772
1705,214,log,Nmax,3.7797191628142404
1706,214,log,rmax,6.325741766333678
1707,214,log,tlag,0.053578869095625876
1708,214,lin,N0,41.2128458403547
1709,214,lin,Nmax,6021.700659591031
1710,214,lin,rmax,6.519986831291992
1711,214,lin,tlag,0.21307285990545502
1712,215,log,N0,1.95434091299916
1713,215,log,Nmax,3.74580565085007
1714,215,log,rmax,3.1459326343779934
1715,215,log,tlag,0.13357135266263018
1716,215,lin,N0,90.0203947417563
1717,215,lin,Nmax,5569.36461052581
1718,215,lin,rmax,7.471112251101431
1719,215,lin,tlag,0.6770463837939308
1720,216,log,N0,1.56076153877433
1721,216,log,Nmax,3.9144915223375802
1722,216,log,rmax,7.01497160375228
1723,216,log,tlag,0.011833536906148091
1724,216,lin,N0,36.371527350261005
1725,216,lin,Nmax,8212.8052083955
1726,216,lin,rmax,6.0522988474499275
1727,216,lin,tlag,0
1728,217,log,N0,1.73040782076779
1729,217,log,Nmax,3.81851344948077
1730,217,log,rmax,5.337157774918754
1731,217,log,tlag,0
1732,217,lin,N0,53.753632864483606
1733,217,lin,Nmax,6584.35820446032
1734,217,lin,rmax,3.818636773393748
1735,217,lin,tlag,0
1736,218,log,N0,0.43421470017054
1737,218,log,Nmax,2.6586623777383904
1738,218,log,rmax,0.016473403036808505
1739,218,log,tlag,36.196271283577964
1740,218,lin,N0,2.7177825144575296
1741,218,lin,Nmax,455.682528803618
1742,218,lin,rmax,0.05529287186340161
1743,218,lin,tlag,78.8872214586994
1744,219,log,N0,0.43426788799234795
1745,219,log,Nmax,2.77304278853664
1746,219,log,rmax,0.034166698064833856
1747,219,log,tlag,20.248023430017078
1748,219,lin,N0,2.71811538026665
1749,219,lin,Nmax,592.983744978767
1750,219,lin,rmax,0.001925114391483925
1751,219,lin,tlag,0
1752,220,log,N0,0.438855337623294
1753,220,log,Nmax,2.44916884459187
1754,220,log,rmax,0.10414860065707762
1755,220,log,tlag,9.070346009698525
1756,220,lin,N0,2.7469789890441203
1757,220,lin,Nmax,281.299425104086
1758,220,lin,rmax,0.06992201453909677
1759,220,lin,tlag,0
1760,221,log,N0,0.438642586336062
1761,221,log,Nmax,2.41972938522111
1762,221,log,rmax,0.10110521100202419
1763,221,log,tlag,17.390651342337808
1764,221,lin,N0,2.74563363418563
1765,221,lin,Nmax,262.862954677587
1766,221,lin,rmax,0.028263856300650463
1767,221,lin,tlag,0
1768,222,log,N0,0.429055481455158
1769,222,log,Nmax,0.437538939033544
1770,222,log,rmax,7.587473793348543e-05
1771,222,log,tlag,272.634568528852
1772,222,lin,N0,2.6856875223971004
1773,222,lin,Nmax,2.73866517317607
1774,222,lin,rmax,0.006307630812542312
1775,222,lin,tlag,0
1776,223,log,N0,0.439060866830404
1777,223,log,Nmax,2.1285245965409
1778,223,log,rmax,0.018558459672851062
1779,223,log,tlag,120.94568160792824
1780,223,lin,N0,2.74827930035945
1781,223,lin,Nmax,134.438790476904
1782,223,lin,rmax,0.025070336500964647
1783,223,lin,tlag,0
1784,224,log,N0,0.43854253655463704
1785,224,log,Nmax,2.28392226682541
1786,224,log,rmax,0.029420216901347815
1787,224,log,tlag,0
1788,224,lin,N0,2.7450011868092696
1789,224,lin,Nmax,192.27475508146
1790,224,lin,rmax,0.030240570201461314
1791,224,lin,tlag,0
1792,225,log,N0,0.43855380460411103
1793,225,log,Nmax,3.11669873118962
1794,225,log,rmax,0.11174141863682086
1795,225,log,tlag,4.560343051428803
1796,225,lin,N0,2.74507240855334
1797,225,lin,Nmax,1308.27406225959
1798,225,lin,rmax,0.007672332943103596
1799,225,lin,tlag,0
1800,226,log,N0,0.43874536144515497
1801,226,log,Nmax,2.98213568438101
1802,226,log,rmax,0.13933888688713666
1803,226,log,tlag,42.90470983142574
1804,226,lin,N0,2.74628346097306
1805,226,lin,Nmax,959.700418926148
1806,226,lin,rmax,0.04323172590820948
1807,226,lin,tlag,0
1808,227,log,N0,0.43528607025689103
1809,227,log,Nmax,0.44484137621013997
1810,227,log,rmax,0.00011903235016470716
1811,227,log,tlag,131.14246066898042
1812,227,lin,N0,2.72449534525147
1813,227,lin,Nmax,2.78510373825028
1814,227,lin,rmax,0.0018245208623693344
1815,227,lin,tlag,0
1816,228,log,N0,0.43631163040944004
1817,228,log,Nmax,2.7189028068835097
1818,228,log,rmax,0.019979299319498826
1819,228,log,tlag,192.1084476482402
1820,228,lin,N0,2.73093667864603
1821,228,lin,Nmax,523.483270316647
1822,228,lin,rmax,0.0477274144208715
1823,228,lin,tlag,422.5157539291643
1824,229,log,N0,0.43864542432067
1825,229,log,Nmax,2.87157280254377
1826,229,log,rmax,0.06412362801718274
1827,229,log,tlag,59.54121065929038
1828,229,lin,N0,2.7456515761392497
1829,229,lin,Nmax,743.999772151028
1830,229,lin,rmax,0.010599643085370597
1831,229,lin,tlag,0
1832,230,log,N0,0.43864542432067
1833,230,log,Nmax,2.8543684022032005
1834,230,log,rmax,0.12452281684445114
1835,230,log,tlag,10.615442552352231
1836,230,lin,N0,2.7456515761392497
1837,230,lin,Nmax,715.102674315934
1838,230,lin,rmax,0.05684428410288042
1839,230,lin,tlag,0
1840,231,log,N0,0.44142486732047603
1841,231,log,Nmax,0.447910234320025
1842,231,log,rmax,0.0004502163023860219
1843,231,log,tlag,0
1844,231,lin,N0,2.7632798320977097
1845,231,lin,Nmax,2.8048538340525497
1846,231,lin,rmax,0.000895441114462134
1847,231,lin,tlag,0
1848,232,log,N0,0.437836219396675
1849,232,log,Nmax,0.44727694350994296
1850,232,log,rmax,0.0001890488678197712
1851,232,log,tlag,444.0156789873195
1852,232,lin,N0,2.74054046775945
1853,232,lin,Nmax,2.8007667600441004
1854,232,lin,rmax,0.0019324645780375597
1855,232,lin,tlag,0
1856,233,log,N0,0.438441356117075
1857,233,log,Nmax,2.38747223661415
1858,233,log,rmax,0.01497423262173453
1859,233,log,tlag,266.7655289924712
1860,233,lin,N0,2.74436174034663
1861,233,lin,Nmax,244.046305021096
1862,233,lin,rmax,0.03482377019978321
1863,233,lin,tlag,424.0726962335583
1864,234,log,N0,0.434294481903253
1865,234,log,Nmax,2.8104534064241498
1866,234,log,rmax,0.04287913628625468
1867,234,log,tlag,10.418894498658815
1868,234,lin,N0,2.71828182845905
1869,234,lin,Nmax,646.328648475562
1870,234,lin,rmax,0.025851108812799922
1871,234,lin,tlag,0
1872,235,log,N0,0.434294481903253
1873,235,log,Nmax,2.47040972089062
1874,235,log,rmax,0.07922956849153731
1875,235,log,tlag,8.930723522554498
1876,235,lin,N0,2.71828182845905
1877,235,lin,Nmax,295.399476201036
1878,235,lin,rmax,0.010950129157082931
1879,235,lin,tlag,0
1880,236,log,N0,0.438441356117075
1881,236,log,Nmax,2.8104534064241498
1882,236,log,rmax,0.11036912705835483
1883,236,log,tlag,0.8102105724939845
1884,236,lin,N0,2.74436174034663
1885,236,lin,Nmax,646.328648475562
1886,236,lin,rmax,0.07407153161780428
1887,236,lin,tlag,7.253543192483812
1888,237,log,N0,0.438441356117075
1889,237,log,Nmax,1.6659161234088502
1890,237,log,rmax,0.02422658761971234
1891,237,log,tlag,47.287227392530376
1892,237,lin,N0,2.74436174034663
1893,237,lin,Nmax,46.3357421490507
1894,237,lin,rmax,0.052955633219934434
1895,237,lin,tlag,59.04487648599034
1896,238,log,N0,0.43496830051715096
1897,238,log,Nmax,1.8781487295537902
1898,238,log,rmax,0.029008410604252747
1899,238,log,tlag,295.01496039847666
1900,238,lin,N0,2.72250258330189
1901,238,lin,Nmax,75.5350862686161
1902,238,lin,rmax,0.05704545858703871
1903,238,lin,tlag,329.31922302280884
1904,239,log,N0,0.43842295785508095
1905,239,log,Nmax,2.3233610092709704
1906,239,log,rmax,0.053451169445445534
1907,239,log,tlag,88.35452877715312
1908,239,lin,N0,2.7442454818655198
1909,239,lin,Nmax,210.552794224014
1910,239,lin,rmax,0.02725394444190254
1911,239,lin,tlag,0
1912,240,log,N0,0.43842295785508095
1913,240,log,Nmax,2.75190964771109
1914,240,log,rmax,0.06863865806179799
1915,240,log,tlag,3.2555424804042317
1916,240,lin,N0,2.7442454818655198
1917,240,lin,Nmax,564.819455383363
1918,240,lin,rmax,0.037541783620227934
1919,240,lin,tlag,0
1920,241,log,N0,0.442562129340464
1921,241,log,Nmax,2.31790628715846
1922,241,log,rmax,0.10028092043092506
1923,241,log,tlag,16.475415453315556
1924,241,lin,N0,2.7705253568895203
1925,241,lin,Nmax,207.92479748395198
1926,241,lin,rmax,0.03481573816516193
1927,241,lin,tlag,0
1928,242,log,N0,0.434305177436806
1929,242,log,Nmax,2.70648571670742
1930,242,log,rmax,0.12630456373140453
1931,242,log,tlag,36.57270556121864
1932,242,lin,N0,2.71834877343238
1933,242,lin,Nmax,508.72808806757
1934,242,lin,rmax,0.031322287822657544
1935,242,lin,tlag,0
1936,243,log,N0,0.43513113801049297
1937,243,log,Nmax,0.44048791022958206
1938,243,log,rmax,5.920889922537319e-05
1939,243,log,tlag,146.32610175396263
1940,243,lin,N0,2.72352356937694
1941,243,lin,Nmax,2.7573246936310203
1942,243,lin,rmax,0.013469809949876158
1943,243,lin,tlag,0
1944,244,log,N0,0.43843429978453596
1945,244,log,Nmax,2.06220995331991
1946,244,log,rmax,0.017747175891490264
1947,244,log,tlag,15.37262867349572
1948,244,lin,N0,2.7443171508514
1949,244,lin,Nmax,115.401101274884
1950,244,lin,rmax,0.036958056720444055
1951,244,lin,tlag,0
1952,245,log,N0,0.44260671465701
1953,245,log,Nmax,2.16834575663851
1954,245,log,rmax,0.06514149792782654
1955,245,log,tlag,3.4433395828537945
1956,245,lin,N0,2.7708097977378796
1957,245,lin,Nmax,147.348512731609
1958,245,lin,rmax,0.027375370162695187
1959,245,lin,tlag,0
1960,246,log,N0,0.44260671465701
1961,246,log,Nmax,2.30187389822145
1962,246,log,rmax,0.059906823185258064
1963,246,log,tlag,0
1964,246,lin,N0,2.7708097977378796
1965,246,lin,Nmax,200.389009320527
1966,246,lin,rmax,0.02789219889008204
1967,246,lin,tlag,0
1968,247,log,N0,0.442617580320741
1969,247,log,Nmax,2.35259481651497
1970,247,log,rmax,0.08870091293208375
1971,247,log,tlag,0
1972,247,lin,N0,2.7708791218149798
1973,247,lin,Nmax,225.213705660469
1974,247,lin,rmax,0.05269957597742228
1975,247,lin,tlag,0
1976,248,log,N0,0.435040899247562
1977,248,log,Nmax,0.442634884402705
1978,248,log,rmax,0.0001069478837022579
1979,248,log,tlag,145.6404635217437
1980,248,lin,N0,2.72295772781862
1981,248,lin,Nmax,2.77098952725797
1982,248,lin,rmax,0.0010197648930340426
1983,248,lin,tlag,0
1984,249,log,N0,0.438351097904931
1985,249,log,Nmax,2.5004425968064
1986,249,log,rmax,0.027430734320877836
1987,249,log,tlag,186.57053760384218
1988,249,lin,N0,2.7437914465557998
1989,249,lin,Nmax,316.550203321267
1990,249,lin,rmax,0.03364259033287941
1991,249,lin,tlag,165.82894660183584
1992,250,log,N0,0.44253752561866405
1993,250,log,Nmax,2.59004513105148
1994,250,log,rmax,0.055259780400649966
1995,250,log,tlag,18.183951754396258
1996,250,lin,N0,2.7703684050811406
1997,250,lin,Nmax,389.085575921975
1998,250,lin,rmax,0.030939705506521104
1999,250,lin,tlag,11.863992378323006
2000,251,log,N0,0.44253752561866405
2001,251,log,Nmax,2.57232583235615
2002,251,log,rmax,0.06230323592508543
2003,251,log,tlag,0.8616889737912221
2004,251,lin,N0,2.7703684050811406
2005,251,lin,Nmax,373.53029631187894
2006,251,lin,rmax,0.02651872501522159
2007,251,lin,tlag,0
2008,252,log,N0,0.44669150040438305
2009,252,log,Nmax,2.63622564761459
2010,252,log,rmax,0.08935700124223293
2011,252,log,tlag,1.3461144363788278
2012,252,lin,N0,2.79699377885925
2013,252,lin,Nmax,432.73861186173303
2014,252,lin,rmax,0.03238363968018055
2015,252,lin,tlag,0
2016,253,log,N0,1.6751109847318602
2017,253,log,Nmax,2.8835746556969704
2018,253,log,rmax,0.017663907393426312
2019,253,log,tlag,30.70252335074166
2020,253,lin,N0,47.3272189063536
2021,253,lin,Nmax,764.8471552023129
2022,253,lin,rmax,0.013772998303503516
2023,253,lin,tlag,0
2024,254,log,N0,1.9452015787743202
2025,254,log,Nmax,9.2947283526363
2026,254,log,rmax,0.08631639667860445
2027,254,log,tlag,15.99231450432714
2028,254,lin,N0,88.14579087720291
2029,254,lin,Nmax,1971189388.87363
2030,254,lin,rmax,0.04921421735144189
2031,254,lin,tlag,193.82274911624611
2032,255,log,N0,1.92258175062783
2033,255,log,Nmax,9.32615773584558
2034,255,log,rmax,0.22624895820495686
2035,255,log,tlag,10.314992722603254
2036,255,lin,N0,83.6723083825988
2037,255,lin,Nmax,2119130664.18869
2038,255,lin,rmax,0.07657259713887395
2039,255,lin,tlag,24.7921632758147
2040,256,log,N0,2.01311288412594
2041,256,log,Nmax,9.549842703072029
2042,256,log,rmax,0.3632285939727117
2043,256,log,tlag,3.573925881273689
2044,256,lin,N0,103.06539786789499
2045,256,lin,Nmax,3546849027.9733796
2046,256,lin,rmax,0.17890471880205588
2047,256,lin,tlag,47.111191744763815
2048,257,log,N0,1.9678473173768798
2049,257,log,Nmax,9.886549079662759
2050,257,log,rmax,0.7927338775618237
2051,257,log,tlag,2.567489462676683
2052,257,lin,N0,92.8639852363534
2053,257,lin,Nmax,7701034689.0936
2054,257,lin,rmax,0.456075728609781
2055,257,lin,tlag,22.523224699417884
2056,258,log,N0,1.54769744745014
2057,258,log,Nmax,5.03694287303797
2058,258,log,rmax,0.028145036088490557
2059,258,log,tlag,21.99438060063938
2060,258,lin,N0,35.2937209364775
2061,258,lin,Nmax,108878.686522555
2062,258,lin,rmax,0.024071688536472326
2063,258,lin,tlag,154.5531653823456
2064,259,log,N0,1.5938989880781498
2065,259,log,Nmax,8.62021628752406
2066,259,log,rmax,0.0900991382451233
2067,259,log,tlag,6.0595039647465265
2068,259,lin,N0,39.2553621304904
2069,259,lin,Nmax,417077044.64486897
2070,259,lin,rmax,0.04987904552215707
2071,259,lin,tlag,187.86603232079975
2072,260,log,N0,1.6862749875401202
2073,260,log,Nmax,8.97910422210925
2074,260,log,rmax,0.21855040699359368
2075,260,log,tlag,0.515861681369614
2076,260,lin,N0,48.5595873508849
2077,260,lin,Nmax,953024843.747442
2078,260,lin,rmax,0.1487151824952616
2079,260,lin,tlag,80.19056807850497
2080,261,log,N0,1.8247983640420202
2081,261,log,Nmax,9.23554172985051
2082,261,log,rmax,0.3432791107962149
2083,261,log,tlag,2.2260374850359543
2084,261,lin,N0,66.8033688236728
2085,261,lin,Nmax,1720052607.18758
2086,261,lin,rmax,0.0856041711709573
2087,261,lin,tlag,40.23132440683547
2088,262,log,N0,1.9172556088861101
2089,262,log,Nmax,9.237491619021212
2090,262,log,rmax,0.5931317743877893
2091,262,log,tlag,2.0097436540083415
2092,262,lin,N0,82.6524266572566
2093,262,lin,Nmax,1727792637.38751
2094,262,lin,rmax,0.17008074139717938
2095,262,lin,tlag,0
2096,263,log,N0,1.61708100377426
2097,263,log,Nmax,9.169814215721448
2098,263,log,rmax,1.0712503882590438
2099,263,log,tlag,0.3896762490159349
2100,263,lin,N0,41.4076900447241
2101,263,lin,Nmax,1478475784.4209
2102,263,lin,rmax,0.38721207004469443
2103,263,lin,tlag,0
2104,264,log,N0,1.64650105776508
2105,264,log,Nmax,4.700879831590151
2106,264,log,rmax,0.03788315523059614
2107,264,log,tlag,56.83042947587819
2108,264,lin,N0,44.309929369801
2109,264,lin,Nmax,50220.361156634295
2110,264,lin,rmax,0.02609223751237394
2111,264,lin,tlag,128.52788557402855
2112,265,log,N0,1.7658127286176202
2113,265,log,Nmax,8.30409229133691
2114,265,log,rmax,0.0858796333227436
2115,265,log,tlag,7.472741494945102
2116,265,lin,N0,58.31935721413
2117,265,lin,Nmax,201415222.917051
2118,265,lin,rmax,0.03642536739326543
2119,265,lin,tlag,0
2120,266,log,N0,1.6703633919355902
2121,266,log,Nmax,8.972237648111141
2122,266,log,rmax,0.20003987390112776
2123,266,log,tlag,0.7007999753519678
2124,266,lin,N0,46.81266781732779
2125,266,lin,Nmax,938075185.9363439
2126,266,lin,rmax,0.062333301521270354
2127,266,lin,tlag,75.59542995296297
2128,267,log,N0,1.95671140198169
2129,267,log,Nmax,9.234723323986731
2130,267,log,rmax,0.3728431162047442
2131,267,log,tlag,0.9298990634689533
2132,267,lin,N0,90.51309220527331
2133,267,lin,Nmax,1716814307.69152
2134,267,lin,rmax,0.052046621291106376
2135,267,lin,tlag,0
2136,268,log,N0,2.12374774117524
2137,268,log,Nmax,9.25858565815724
2138,268,log,rmax,0.5601023691137748
2139,268,log,tlag,0.9870249229201288
2140,268,lin,N0,132.968185136938
2141,268,lin,Nmax,1813784382.7115898
2142,268,lin,rmax,0.3616102052114095
2143,268,lin,tlag,32.4051168078747
2144,269,log,N0,1.69422572610609
2145,269,log,Nmax,9.33017266066876
2146,269,log,rmax,1.213407494145202
2147,269,log,tlag,0.18038415143362824
2148,269,lin,N0,49.4567673508644
2149,269,lin,Nmax,2138812239.2701898
2150,269,lin,rmax,0.08580324231691502
2151,269,lin,tlag,0
2152,270,log,N0,0.0491062896895452
2153,270,log,Nmax,0.63090470510625
2154,270,log,rmax,0.004269651339053906
2155,270,log,tlag,41.460389011712806
2156,270,lin,N0,1.1197118894042901
2157,270,lin,Nmax,4.27469078627769
2158,270,lin,rmax,0.012012284694101474
2159,270,lin,tlag,0
2160,271,log,N0,0.0491062896895452
2161,271,log,Nmax,0.6418819092296321
2162,271,log,rmax,0.004254563845022989
2163,271,log,tlag,24.71649300445554
2164,271,lin,N0,1.1197118894042901
2165,271,lin,Nmax,4.38411471328421
2166,271,lin,rmax,0.013044560048779564
2167,271,lin,tlag,0
2168,272,log,N0,0.0491062896895452
2169,272,log,Nmax,0.7441071226286221
2170,272,log,rmax,0.0049572423693363295
2171,272,log,tlag,8.993861467467129
2172,272,lin,N0,1.1197118894042901
2173,272,lin,Nmax,5.547625332370581
2174,272,lin,rmax,0.014251672748924594
2175,272,lin,tlag,0
2176,273,log,N0,0.0511645154626817
2177,273,log,Nmax,0.48477067521373207
2178,273,log,rmax,0.004845484157484347
2179,273,log,tlag,0
2180,273,lin,N0,1.1250310672344899
2181,273,lin,Nmax,3.05330841899791
2182,273,lin,rmax,0.015415721633778613
2183,273,lin,tlag,0
2184,274,log,N0,0.237951172809957
2185,274,log,Nmax,0.572176878889421
2186,274,log,rmax,0.003385375683862798
2187,274,log,tlag,54.56844448882755
2188,274,lin,N0,1.72962188903916
2189,274,lin,Nmax,3.7340220559335298
2190,274,lin,rmax,0.008028937351441957
2191,274,lin,tlag,0
2192,275,log,N0,0.233817616084251
2193,275,log,Nmax,0.655519387266635
2194,275,log,rmax,0.0031999741078700926
2195,275,log,tlag,13.346988336244221
2196,275,lin,N0,1.7132376745661202
2197,275,lin,Nmax,4.52396657244525
2198,275,lin,rmax,0.010753476894486295
2199,275,lin,tlag,0
2200,276,log,N0,0.264226902824319
2201,276,log,Nmax,0.7499066539013891
2202,276,log,rmax,0.0036735705073051247
2203,276,log,tlag,17.39273572571245
2204,276,lin,N0,1.8374981174939902
2205,276,lin,Nmax,5.62220470033075
2206,276,lin,rmax,0.011954748424308596
2207,276,lin,tlag,0
2208,277,log,N0,0.266293681187171
2209,277,log,Nmax,0.7292388702728578
2210,277,log,rmax,0.004488109293139949
2211,277,log,tlag,8.774435064859826
2212,277,lin,N0,1.8462634883763103
2213,277,lin,Nmax,5.36091436984208
2214,277,lin,rmax,0.010019150498230801
2215,277,lin,tlag,0
2216,278,log,N0,0.0
2217,278,log,Nmax,6.01398601398601
2218,278,log,rmax,0.30924082989688895
2219,278,log,tlag,0.491956381025434
2220,278,lin,N0,1.0
2221,278,lin,Nmax,1032728.14726171
2222,278,lin,rmax,0.11957587242290461
2223,278,lin,tlag,39.674574503716904
2224,279,log,N0,0.0139860139860147
2225,279,log,Nmax,5.881118881118879
2226,279,log,rmax,0.48516888926380425
2227,279,log,tlag,13.087285854247826
2228,279,lin,N0,1.03272814726172
2229,279,lin,Nmax,760534.432499603
2230,279,lin,rmax,0.09658671849613797
2231,279,lin,tlag,35.277130251055134
2232,280,log,N0,0.0139860139860147
2233,280,log,Nmax,6.53846153846154
2234,280,log,rmax,0.16012470151051061
2235,280,log,tlag,2.3473479172251417
2236,280,lin,N0,1.03272814726172
2237,280,lin,Nmax,3455107.2945922003
2238,280,lin,rmax,0.039193979410319324
2239,280,lin,tlag,28.02841409489449
2240,281,log,N0,0.0
2241,281,log,Nmax,6.22377622377622
2242,281,log,rmax,0.13567358722941023
2243,281,log,tlag,16.72142044337127
2244,281,lin,N0,1.0
2245,281,lin,Nmax,1674080.0609081
2246,281,lin,rmax,0.03654669516402968
2247,281,lin,tlag,32.332492242644946
2248,282,log,N0,0.0
2249,282,log,Nmax,6.38461538461538
2250,282,log,rmax,0.07571833238285793
2251,282,log,tlag,5.341424698523611
2252,282,lin,N0,1.0
2253,282,lin,Nmax,2424462.01708232
2254,282,lin,rmax,0.021032343293183643
2255,282,lin,tlag,25.39041026204199
2256,283,log,N0,0.0209790209790203
2257,283,log,Nmax,5.74825174825175
2258,283,log,rmax,0.06014554011798822
2259,283,log,tlag,0
2260,283,lin,N0,1.04949173070025
2261,283,lin,Nmax,560082.171238539
2262,283,lin,rmax,0.022622435866041464
2263,283,lin,tlag,132.4713149433676
2264,284,log,N0,0.0700065036666363
2265,284,log,Nmax,3.84956857843535
2266,284,log,rmax,7.857142857143458
2267,284,log,tlag,98.02464544446286
2268,284,lin,N0,1.174915149451
2269,284,lin,Nmax,7072.42870947292
2270,284,lin,rmax,0.008229613936384165
2271,284,lin,tlag,20.463168611243784
2272,285,log,N0,0.394336151088404
2273,285,log,Nmax,4.39913654200195
2274,285,log,rmax,0.6127332855881399
2275,285,log,tlag,41.47929171056175
2276,285,lin,N0,2.4793403654517405
2277,285,lin,Nmax,25068.9729659811
2278,285,lin,rmax,0.04414107799208772
2279,285,lin,tlag,62.03597866846561
2280,286,log,N0,0.126881423845344
2281,286,log,Nmax,4.32779344127542
2282,286,log,rmax,1.6185062087157638
2283,286,log,tlag,19.60546383980554
2284,286,lin,N0,1.3393109631705702
2285,286,lin,Nmax,21271.2710320127
2286,286,lin,rmax,0.42856661829187304
2287,286,lin,tlag,46.18483624798274
2288,287,log,N0,0.3389779827040061
2289,287,log,Nmax,4.43379759826688
2290,287,log,rmax,1.339197161843521
2291,287,log,tlag,9.499017520877073
2292,287,lin,N0,2.18261925744977
2293,287,lin,Nmax,27151.735748467203
2294,287,lin,rmax,0.10088103425143567
2295,287,lin,tlag,12.329596981473813
